crop,region,year,dominant_feature,driver_group,observed_yield_t_ha,trend_yield_t_ha,yield_gap_t_ha,recovered_gap_t_ha,recoverable_fraction,weather_driven
Barley,Colorado,1990,min_tmin,frost_cold,4.3041,4.9403294294294255,0.6362294294294255,0.3698365714285714,0.5812943481099941,True
Oats,Colorado,1990,dry_days_1mm,drought,1.7934,2.0998372413793227,0.3064372413793226,0.0852220952380955,0.2781061951037587,False
Oats,Montana,1990,max_consecutive_heat_days_35,heat,1.4347,1.94631921921922,0.5116192192192199,0.22496704761905015,0.4397157869916839,False
Barley,Colorado,1991,dry_days_1mm,drought,4.3041,5.016868065208058,0.7127680652080581,0.3847212380952394,0.5397565587943935,True
Barley,Texas,1991,dry_spell_events_7d,drought,1.7216,2.0867878787878986,0.3651878787878986,0.26164914285714125,0.7164781693346051,True
Oats,Iowa,1991,dry_spell_events_14d,drought,1.7934,2.1940560145860037,0.40065601458600364,0.12838895238095338,0.32044683645549965,False
Oats,Minnesota,1991,dry_spell_events_14d,drought,1.4347,1.9859069412269363,0.5512069412269363,0.26022647619047906,0.472103046473324,False
Wheat,Illinois,1991,dry_spell_events_14d,drought,2.152,3.0019648348348085,0.8499648348348083,0.36786733333333416,0.4328030034381712,False
Wheat,Washington,1991,dry_spell_events_14d,drought,3.0868,3.8926784641784575,0.8058784641784573,0.5015407619047645,0.6223528536850205,True
Barley,Colorado,1992,season_tmean_mean,heat,4.3579,5.093406700986691,0.7355067009866909,0.35948647619047325,0.4887603004951796,False
Barley,Washington,1992,heat_days_30,heat,2.421,3.2568276319176324,0.8358276319176325,0.5034458095238126,0.6023320961150338,True
Wheat,Nebraska,1992,dry_spell_events_14d,drought,2.0175,2.416996151866151,0.39949615186615084,0.2842821904761896,0.7116018243185404,True
Wheat,Washington,1992,dry_spell_events_14d,drought,3.3222,3.901601823251818,0.5794018232518181,0.33012671428571405,0.569771617964404,True
Barley,Colorado,1993,cold_days_5,frost_cold,4.5731,5.169945336765323,0.5968453367653233,0.23654066666666473,0.39631819517703865,False
Oats,Illinois,1993,heat_days_30,heat,1.8292,2.2663275203775086,0.4371275203775087,0.08031599999999825,0.18373585797260344,False
Oats,Iowa,1993,dry_spell_events_14d,drought,1.4347,2.2300232990132898,0.7953232990132897,0.11862071428571384,0.14914779239194867,False
Oats,Kansas,1993,max_1day_rain,excess_rain,1.2195,1.734650960960959,0.515150960960959,0.06395595238095253,0.1241499234741784,False
Oats,Nebraska,1993,frost_events_2d,frost_cold,1.5423,2.06665645216645,0.5243564521664501,0.2038695714285734,0.38879958582803453,False
Wheat,Iowa,1993,dry_spell_events_14d,drought,1.6813,2.680891674876861,0.999591674876861,0.07888476190476233,0.07891698569266305,False
Barley,Texas,1994,dry_spell_events_7d,drought,1.7754,2.1288496969697093,0.3534496969697092,0.12247199999999836,0.3465047531516041,False
Barley,Washington,1994,max_consecutive_heat_days_30,heat,2.5286,3.273169227799228,0.7445692277992282,0.4483875714285732,0.6022107208941492,True
Oats,Washington,1994,season_tmax_mean,heat,2.0803,2.5619428571428564,0.4816428571428566,0.1274450476190516,0.26460487419052714,False
Wheat,Minnesota,1994,frost_events_2d,frost_cold,1.883,2.5777693050193022,0.6947693050193022,0.5525610476190477,0.795315860426068,True
Wheat,Texas,1994,max_1day_rain,excess_rain,1.7485,2.004965555555554,0.25646555555555395,0.12032795238095328,0.46917782826742443,False
Oats,Minnesota,1995,dry_spell_events_14d,drought,1.7216,2.0585443157443137,0.3369443157443137,0.26517823809523833,0.7870090863811032,True
Oats,South Dakota,1995,frost_events_2d,frost_cold,1.6499,2.0826472114972034,0.4327472114972035,0.20046752380952412,0.46324394122830664,False
Wheat,Kansas,1995,season_tmax_mean,heat,1.7485,2.4706704633204666,0.7221704633204666,0.10409899999999928,0.14414740741592036,False
Wheat,Minnesota,1995,dry_spell_events_7d,drought,2.152,2.634766023166023,0.4827660231660227,0.34671261904761413,0.7181794128216435,True
Wheat,Oklahoma,1995,season_tmean_mean,heat,1.4123,1.9478657443157417,0.5355657443157416,0.12258747619047683,0.22889342250053554,False
Barley,Oklahoma,1996,max_7day_rain,excess_rain,1.2374,2.0385309090909054,0.8011309090909053,0.32105276190476295,0.40074943840212346,False
Barley,Texas,1996,max_7day_rain,excess_rain,1.8292,2.1568909090909187,0.3276909090909188,0.21233009523809487,0.6479584552014022,True
Oats,Colorado,1996,wet_days_1mm,excess_rain,1.8651,2.176275467980308,0.3111754679803078,0.1291707142857139,0.41510571229827226,False
Oats,Montana,1996,heat_days_30,heat,1.4347,1.8849992964392968,0.45029929643929667,0.30275352380952286,0.6723384340227057,True
Oats,Texas,1996,dry_days_1mm,drought,1.2195,1.5489525825825794,0.32945258258257937,0.1640333333333352,0.4978966382581603,False
Wheat,Illinois,1996,dry_spell_events_14d,drought,2.5555,3.357479699699695,0.8019796996996953,0.1887280952380958,0.23532777115027456,False
Wheat,Kansas,1996,rain_mean,drought,1.9503,2.4885181595881605,0.5382181595881605,0.21622785714285794,0.401747606041969,False
Wheat,Oklahoma,1996,rain_mean,drought,1.2778,1.9590427069927048,0.6812427069927047,0.3071464285714254,0.4508619694841218,False
Wheat,Texas,1996,rain_mean,drought,1.7485,2.01651222222222,0.2680122222222199,0.08795690476190442,0.3281824389671892,False
Barley,North Dakota,1997,heat_days_30,heat,2.421,2.83226297297297,0.41126297297297,0.26080309523809486,0.63415165569801,True
Oats,North Dakota,1997,frost_events_2d,frost_cold,1.5782,1.9664893093093028,0.3882893093093027,0.14543109523809478,0.37454313510920684,False
Wheat,Minnesota,1997,frost_events_2d,frost_cold,2.152,2.748759459459464,0.5967594594594638,0.3748939047619055,0.6282161075443681,True
Wheat,North Dakota,1997,heat_days_30,heat,1.6342,2.163277987987968,0.5290779879879681,0.09420423809523834,0.17805359556440412,False
Wheat,South Dakota,1997,radiation_sum,radiation,1.9301,2.363168438438436,0.43306843843843623,0.050176476190475494,0.11586269452330093,False
Oats,Illinois,1998,heatwave_events_3d_35,heat,2.0086,2.383922436722422,0.37532243672242194,0.07386795238095219,0.19681198125542085,False
Barley,Minnesota,1999,frost_events_2d,frost_cold,2.5286,3.096537378807369,0.5679373788073692,0.3328369047619044,0.5860450767668081,True
Barley,Texas,1999,heatwave_events_3d_30,heat,1.883,2.1989527272727294,0.3159527272727294,0.2201356666666665,0.6967360863343525,True
Barley,Montana,2000,heat_days_30,heat,2.152,2.627072136422136,0.47507213642213575,0.2747933333333319,0.5784244376082672,True
Barley,Nebraska,2000,heat_days_30,heat,1.4526,2.389104285714275,0.9365042857142751,0.37793957142857115,0.40356416643658527,False
Oats,Nebraska,2000,season_tmax_mean,heat,1.5064,2.106429965679963,0.600029965679963,0.2787674761904759,0.46458925742912255,False
Barley,Montana,2001,heat_days_30,heat,2.2058,2.637056962676961,0.4312569626769611,0.28242314285714176,0.6548836709882749,True
Barley,Washington,2001,frost_events_2d,frost_cold,2.69,3.330364813384813,0.6403648133848132,0.28258419047619165,0.4412862552246119,False
Canola,Montana,2001,heat_days_30,heat,1.02,1.3948650183150235,0.3748650183150235,0.2752432380952367,0.7342462610473082,True
Oats,Washington,2001,max_1day_rain,excess_rain,1.9727,2.4758611330049263,0.5031611330049264,0.06803176190476186,0.1352086984510701,False
Wheat,Montana,2001,rain_sum,drought,1.54,2.152728283998286,0.6127282839982859,0.14943880952380992,0.24389082963277725,False
Barley,Minnesota,2002,max_consecutive_heat_days_30,heat,2.2058,3.161413401973398,0.9556134019733982,0.26323252380952405,0.2754592215491467,False
Barley,Montana,2002,heat_days_30,heat,2.2596,2.647041788931787,0.3874417889317874,0.23082985714285842,0.5957794531645064,True
Barley,Nebraska,2002,heat_days_30,heat,1.7216,2.425227142857139,0.703627142857139,0.23513119047618905,0.33417015370018055,False
Barley,North Dakota,2002,heatwave_events_3d_30,heat,2.421,3.003649652509651,0.5826496525096512,0.11799157142857061,0.20250861031212264,False
Barley,South Dakota,2002,heavy_rain_days_20,excess_rain,1.883,2.4424528505002376,0.5594528505002376,0.12076895238095138,0.2158697596642241,False
Canola,Minnesota,2002,max_consecutive_heat_days_30,heat,0.9976,1.486950837438414,0.4893508374384139,0.16370152380952335,0.33452793228360544,False
Canola,Montana,2002,heat_degree_days_30,heat,1.0088,1.3980328449328503,0.3892328449328504,0.17259785714285744,0.4434308650716094,False
Canola,North Dakota,2002,heatwave_events_3d_30,heat,1.3562,1.6189015126050492,0.26270151260504915,0.04158238095237985,0.15828755814929646,False
Oats,Colorado,2002,dry_days_2mm,drought,1.7934,2.252713694581292,0.4593136945812919,0.1920165714285713,0.41805104810474386,False
Oats,Nebraska,2002,season_tmax_mean,heat,1.5423,2.1177938266838243,0.5754938266838243,0.2213285238095233,0.38458887575716943,False
Oats,North Dakota,2002,heat_days_30,heat,1.5064,2.095646516516503,0.5892465165165028,0.09259995238095461,0.15714976632935462,False
Oats,South Dakota,2002,frost_events_2d,frost_cold,1.614,2.300597661947656,0.6865976619476559,0.19114009523809525,0.27838733778366287,False
Wheat,Colorado,2002,rain_sum,drought,1.5333,2.288568871728872,0.7552688717288718,0.34216090476190275,0.45303191693663825,False
Wheat,Illinois,2002,dry_spell_events_14d,drought,3.2953,3.78409753753752,0.48879753753751976,0.2069194285714295,0.42332338582116225,False
Wheat,Minnesota,2002,frost_events_2d,frost_cold,2.2865,3.0337430501930527,0.7472430501930525,0.3649354761904778,0.48837587194179405,False
Wheat,Montana,2002,heatwave_events_3d_30,heat,1.5535,2.163399146289148,0.6098991462891479,0.08503595238095271,0.13942625251788418,False
Wheat,Nebraska,2002,radiation_mean,radiation,2.2193,2.659434118404114,0.4401341184041141,0.4143665469755437,0.9414551829746777,True
Wheat,North Dakota,2002,heavy_rain_days_20,excess_rain,1.836,2.3639458773058664,0.5279458773058663,0.09760628571428563,0.18487934068616144,False
Wheat,South Dakota,2002,heatwave_events_3d_30,heat,1.7754,2.548265478335466,0.772865478335466,0.1436271904761894,0.18583724399946264,False
Barley,Montana,2003,heat_days_30,heat,2.152,2.657026615186613,0.5050266151866127,0.2912312380952362,0.5766651288024159,True
Barley,Washington,2003,max_consecutive_heat_days_30,heat,2.5286,3.3467064092664085,0.8181064092664085,0.26396171428571463,0.32264961048576507,False
Canola,Montana,2003,max_consecutive_heat_days_35,heat,1.0536,1.4012006715506766,0.34760067155067653,0.26993490476190574,0.7765661198458071,True
Oats,Washington,2003,dry_days_2mm,drought,1.7934,2.4512663546798024,0.6578663546798023,0.24491004761904886,0.37227933284147335,False
Barley,Kansas,2004,heatwave_events_3d_30,heat,1.5064,2.216517285984761,0.7101172859847609,0.28378009523809644,0.39962426044109334,False
Oats,Colorado,2004,wet_days_1mm,excess_rain,1.9727,2.278193103448288,0.3054931034482882,0.08186890476190545,0.2679893714057727,False
Wheat,Colorado,2004,rain_mean,drought,1.8427,2.306714534534533,0.464014534534533,0.10537180952380962,0.2270873036973104,False
Barley,Minnesota,2005,heat_days_30,heat,2.3134,3.22628942513942,0.91288942513942,0.3279928095238094,0.35929084124697475,False
Canola,Minnesota,2005,heatwave_events_3d_30,heat,0.9191,1.612920098522153,0.693820098522153,0.23350800000000002,0.33655410170067934,False
Wheat,Colorado,2005,rain_sum,drought,1.6409,2.315787365937366,0.674887365937366,0.2628963333333352,0.38954105025835334,False
Barley,Kansas,2006,heatwave_events_3d_30,heat,1.4526,2.2455274300742367,0.7929274300742368,0.36155738095238016,0.45597789562978014,False
Barley,North Dakota,2006,hot_dry_days_30_1mm,drought,2.6362,3.140758996138999,0.5045589961389987,0.12292661904762077,0.24363180517696342,False
Oats,Nebraska,2006,growing_degree_days_base5,heat,1.614,2.140521548691547,0.5265215486915469,0.19452257142857143,0.36944845260745246,False
Oats,North Dakota,2006,frost_events_2d,frost_cold,1.4706,2.19897228228227,0.72837228228227,0.19738761904762314,0.2709982571400602,False
Oats,Oklahoma,2006,growing_degree_days_base5,heat,1.076,1.4158574942704352,0.3398574942704351,0.16602376190476198,0.48850993343890114,False
Oats,South Dakota,2006,max_consecutive_heat_days_35,heat,2.0444,2.425140776490764,0.380740776490764,0.09781414285714306,0.25690482579429164,False
Oats,Texas,2006,wet_days_1mm,excess_rain,1.3271,1.6211435735735709,0.2940435735735709,0.0885064285714283,0.3009976633591811,False
Wheat,Colorado,2006,dry_days_1mm,drought,1.4526,2.324860197340195,0.8722601973401951,0.28778290476190205,0.32992781928998444,False
Wheat,Kansas,2006,radiation_mean,radiation,2.152,2.6669951222651207,0.5149951222651206,0.3722306190476163,0.7227847467960894,True
Wheat,North Dakota,2006,heat_days_30,heat,2.0377,2.5244801887601795,0.4867801887601795,0.09343704761904846,0.1919491585247768,False
Wheat,Oklahoma,2006,wet_days_1mm,excess_rain,1.614,2.07081233376233,0.45681233376232977,0.2671491428571419,0.5848115804074026,True
Wheat,South Dakota,2006,heatwave_events_3d_30,heat,2.1924,2.6963431102531104,0.5039431102531102,0.07999819047619015,0.15874448692434806,False
Wheat,Texas,2006,dry_days_2mm,drought,1.614,2.074245555555553,0.4602455555555529,0.12356180952380974,0.26846931606902935,False
Canola,North Dakota,2007,hot_dry_days_30_1mm,drought,1.3786,1.7255859663865607,0.34698596638656065,0.24184157142857174,0.6969779612330128,True
Oats,Colorado,2007,heavy_rain_days_10,excess_rain,1.9727,2.3164122167487804,0.3437122167487805,0.07395757142857247,0.2151729494172391,False
Oats,Illinois,2007,heatwave_events_3d_30,heat,2.2238,2.59559328614327,0.3717932861432698,0.06508880952380956,0.17506719983837396,False
Oats,Oklahoma,2007,heatwave_events_3d_30,heat,1.1119,1.4218895645530942,0.3099895645530941,0.12334980952380944,0.3979160063069879,False
Oats,Texas,2007,dry_days_1mm,drought,1.4347,1.6283626726726688,0.19366267267266868,0.08347361904761816,0.43102585488276524,False
Oats,Washington,2007,dry_days_1mm,drought,1.7934,2.402076798029558,0.608676798029558,0.36296314285714315,0.5963150624964635,True
Wheat,Illinois,2007,hot_dry_days_30_1mm,drought,3.6988,4.139612402402378,0.44081240240237785,0.10579819047619043,0.24000729085570696,False
Wheat,Kansas,2007,season_tmax_mean,heat,2.2193,2.6848428185328217,0.46554281853282165,0.10142571428571488,0.21786549002165345,False
Oats,North Dakota,2008,dry_spell_events_14d,drought,1.8292,2.250635165165157,0.4214351651651571,0.09563928571428512,0.2269371272727202,False
Oats,Illinois,2009,heatwave_events_3d_35,heat,2.3314,2.642631252681241,0.3112312526812411,0.057453476190477006,0.18460060066435582,False
Wheat,Illinois,2009,season_tmax_mean,heat,3.7661,4.281818348348338,0.5157183483483383,0.2627299999999986,0.5094447402180453,True
Wheat,Oklahoma,2009,rain_mean,drought,1.4795,2.1043432217932185,0.6248432217932185,0.24979952380952405,0.3997795208414553,False
Wheat,Texas,2009,wet_days_1mm,excess_rain,1.6813,2.091565555555553,0.4102655555555528,0.13651657142857052,0.33275172526660046,False
Oats,Illinois,2010,heatwave_events_3d_30,heat,2.3314,2.6661502359502194,0.33475023595021947,0.044096809523809434,0.13173048078259472,False
Oats,Iowa,2010,heatwave_events_3d_35,heat,2.2238,2.5357452166452106,0.31194521664521035,0.07709414285714276,0.2471400064608956,False
Oats,Oklahoma,2010,heat_degree_days_35,heat,1.1836,1.4399857754010696,0.25638577540106966,0.04834233333333369,0.18855310228389527,False
Wheat,Illinois,2010,season_tmax_mean,heat,3.8333,4.352921321321304,0.5196213213213041,0.28084938095237666,0.5404885623981458,True
Barley,Kansas,2011,dry_spell_events_14d,drought,1.5602,2.318052790297933,0.7578527902979331,0.3943680476190492,0.5203755302715348,True
Barley,Minnesota,2011,wet_days_1mm,excess_rain,2.7438,3.356041471471464,0.6122414714714641,0.12050209523809395,0.19682119041769358,False
Barley,North Dakota,2011,wet_days_1mm,excess_rain,2.5286,3.31214567567568,0.78354567567568,0.33414376190476375,0.4264509042393979,False
Barley,South Dakota,2011,heat_days_30,heat,1.7754,2.4609163282927105,0.6855163282927104,0.35019780952380763,0.5108526158610708,True
Oats,Kansas,2011,growing_degree_days_base5,heat,1.363,1.866915285285284,0.503915285285284,0.18614580952380932,0.3693990139997951,False
Oats,Minnesota,2011,dry_spell_events_14d,drought,1.9368,2.349093813813809,0.41229381381380903,0.1969107142857156,0.47759803249107213,False
Oats,North Dakota,2011,dry_spell_events_14d,drought,1.8651,2.328129489489477,0.4630294894894771,0.09513423809523823,0.20546043017720209,False
Oats,South Dakota,2011,frost_events_2d,frost_cold,2.0086,2.5808196696696584,0.5722196696696584,0.08326009523809481,0.145503728115744,False
Oats,Texas,2011,wet_days_1mm,excess_rain,1.2554,1.6572390690690657,0.40183906906906564,0.21135019047619225,0.5259572967004527,True
Wheat,Iowa,2011,max_consecutive_heat_days_30,heat,3.0263,3.602810000000005,0.5765100000000052,0.17001719047618694,0.2949076173460745,False
Wheat,North Dakota,2011,heat_days_30,heat,2.0377,2.725148078078064,0.6874480780780639,0.12843038095238146,0.18682193615471485,False
Wheat,Oklahoma,2011,growing_degree_days_base5,heat,1.5468,2.1266971471471443,0.5798971471471444,0.24132823809523749,0.4161569672871702,False
Wheat,Texas,2011,wet_days_1mm,excess_rain,1.6813,2.1031122222222205,0.4218122222222205,0.22000738095237812,0.5215765911033112,True
Barley,South Dakota,2012,growing_degree_days_base5,heat,1.883,2.462967825825208,0.5799678258252081,0.1193150952380937,0.2057270936854575,False
Canola,North Dakota,2012,heat_days_30,heat,1.5468,1.832270420168072,0.285470420168072,0.21057042857142824,0.7376260855588959,True
Oats,Kansas,2012,heat_days_30,heat,1.1836,1.8742633033033016,0.6906633033033016,0.26207952380952326,0.3794606178669844,False
Oats,Kansas,2013,growing_degree_days_base5,heat,1.5064,1.8816113213213197,0.37521132132131974,0.2183750476190467,0.5820054865349781,True
Oats,Minnesota,2013,dry_spell_events_14d,drought,2.0444,2.3854125010725014,0.34101250107250136,0.17081995238094946,0.5009199130346019,True
Wheat,Colorado,2013,wet_days_1mm,excess_rain,1.7015,2.388370017160016,0.6868700171600162,0.1533903333333333,0.22331784690144485,False
Wheat,Nebraska,2013,radiation_mean,radiation,2.3538,2.9261158815958765,0.5723158815958764,0.1395669047619048,0.24386341398167902,False
Barley,Minnesota,2014,cold_days_5,frost_cold,2.7976,3.420917494637486,0.6233174946374858,0.2693648571428571,0.43214711517044224,False
Canola,Oklahoma,2014,heat_days_30,heat,0.6389,1.3567985294117615,0.7178985294117615,0.12355095238095301,0.1721008573205873,False
Canola,Washington,2014,heat_days_30,heat,1.345,1.879163809523816,0.5341638095238159,0.2566397619047627,0.4804514220713417,False
Oats,Iowa,2014,wet_days_1mm,excess_rain,2.2955,2.6076797854997764,0.3121797854997763,0.035047666666667254,0.11226757238800257,False
Oats,Texas,2014,season_tmin_mean,frost_cold,1.363,1.678896366366363,0.315896366366363,0.0507072380952389,0.16051858613793243,False
Wheat,Kansas,2014,rain_mean,drought,1.883,2.809776692406693,0.9267766924066931,0.20543023809523836,0.22166098886428443,False
Wheat,Oklahoma,2014,rain_sum,drought,1.1433,2.160228035178033,1.016928035178033,0.22146799999999822,0.2177813889861203,False
Wheat,Washington,2014,dry_spell_events_14d,drought,3.2415,4.097915722865716,0.8564157228657163,0.7161651904761901,0.8362354535946357,True
Barley,South Dakota,2015,max_1day_rain,excess_rain,1.9906,2.4691223184227,0.4785223184226999,0.2509396666666657,0.5244053558333712,True
Barley,Washington,2015,heat_days_30,heat,2.5824,3.4447559845559805,0.8623559845559807,0.4140603333333299,0.4801501244831342,False
Canola,Washington,2015,max_consecutive_heat_days_30,heat,1.2329,1.8790045238095288,0.6461045238095287,0.22912966666666712,0.35463250638717775,False
Wheat,Nebraska,2015,radiation_mean,radiation,2.5555,2.974603474903468,0.41910347490346833,0.3288356190476213,0.7846167801957779,True
Wheat,Oklahoma,2015,radiation_mean,radiation,1.7485,2.171404997854996,0.4229049978549959,0.2718872380952397,0.6429038187637199,True
Wheat,Washington,2015,dry_spell_events_14d,drought,3.3827,4.106839081939073,0.7241390819390734,0.4318622857142826,0.5963803038469591,True
Canola,Montana,2017,heat_days_30,heat,0.9639,1.4455502442002448,0.4816502442002448,0.41254704761904815,0.8565282642056189,True
Oats,Nebraska,2017,heat_days_35,heat,1.7575,2.2030227842127825,0.44552278421278246,0.12758209523809635,0.2863649172590081,False
Oats,North Dakota,2017,wet_days_1mm,excess_rain,2.0803,2.483118138138124,0.4028181381381244,0.13055819047619008,0.3241119952533575,False
Oats,Washington,2017,dry_days_1mm,drought,1.5064,2.279102906403942,0.7727029064039421,0.2336346666666704,0.302360279391177,False
Wheat,Montana,2017,hot_dry_days_30_1mm,drought,1.836,2.3234620806520816,0.4874620806520815,0.34933757142857536,0.7166456331562528,True
Wheat,North Dakota,2017,rain_sum,drought,2.5488,2.9659495452595337,0.41714954525953374,0.14369961904761827,0.3444798650282937,False
Wheat,South Dakota,2017,heatwave_events_3d_30,heat,2.3403,3.103556598026586,0.7632565980265857,0.08661899999999885,0.11348608085924694,False
Barley,Kansas,2018,heatwave_events_3d_30,heat,1.6678,2.4195882946111062,0.7517882946111063,0.3707713333333331,0.49318582903067143,False
Oats,Colorado,2018,dry_days_2mm,drought,1.7934,2.456548965517253,0.6631489655172529,0.3319499047619032,0.5005661201672598,True
Oats,Iowa,2018,heavy_rain_days_25,excess_rain,2.2596,2.6796143543543423,0.4200143543543424,0.07643304761904889,0.18197722727011048,False
Oats,Minnesota,2018,dry_spell_events_14d,drought,2.1162,2.476209219219214,0.36000921921921414,0.16220590476190375,0.4505604192961918,False
Oats,Washington,2018,max_dry_spell_1mm,drought,1.6499,2.26680551724138,0.6169055172413802,0.3259731428571453,0.5284004336916959,True
Wheat,Illinois,2018,frost_days_0,frost_cold,4.4386,4.921745105105089,0.48314510510508857,0.19023271428571228,0.39373826263713235,False
Barley,Kansas,2019,dry_spell_events_7d,drought,1.7754,2.434093366655844,0.6586933666558441,0.29735242857142863,0.451427695531645,False
Oats,Illinois,2019,heatwave_events_3d_30,heat,2.3314,2.8778210853710675,0.5464210853710676,0.14273247619047555,0.26121333896466997,False
Oats,Iowa,2019,dry_spell_events_7d,drought,2.0803,2.697597996567985,0.6172979965679852,0.0612800952380956,0.09927149541841515,False
Wheat,Illinois,2019,season_tmax_mean,heat,4.5058,4.992848078078055,0.48704807807805484,0.22707238095238133,0.46622169591230883,False
Barley,Minnesota,2020,season_tmean_mean,heat,2.5286,3.5506695409695297,1.0220695409695297,0.16736209523809625,0.1637482466010458,False
Canola,Minnesota,2020,radiation_mean,radiation,1.7597,2.242766403940877,0.48306640394087674,0.19897099999999932,0.4118916123679586,False
Oats,Illinois,2020,heat_days_30,heat,2.0803,2.901340068640053,0.8210400686400532,0.09067557142857074,0.11043988581307988,False
Wheat,Colorado,2020,heavy_rain_days_10,excess_rain,1.8158,2.4518798369798365,0.6360798369798364,0.20409033333333235,0.3208564734615255,False
Wheat,Illinois,2020,season_tmax_mean,heat,4.5731,5.063951051051021,0.49085105105102045,0.1934542857142807,0.39412014153795205,False
Wheat,Minnesota,2020,radiation_mean,radiation,3.5643,4.0596839768339805,0.4953839768339807,0.126016666666664,0.25438179787735904,False
Barley,Colorado,2021,max_1day_rain,excess_rain,5.9719,7.313027138567122,1.3411271385671224,0.23218542857142221,0.17312708235812163,False
Barley,Minnesota,2021,season_tmean_mean,heat,2.959,3.572294882024877,0.6132948820248769,0.19536261904761962,0.3185459797130594,False
Barley,Montana,2021,hot_dry_days_30_1mm,drought,2.0444,2.836753487773485,0.792353487773485,0.21397395238095118,0.2700486029060318,False
Barley,North Dakota,2021,hot_dry_days_30_1mm,drought,2.7438,3.654919034749028,0.9111190347490283,0.2730955238095243,0.299736382836903,False
Barley,South Dakota,2021,heatwave_events_3d_30,heat,1.076,2.481431303617681,1.4054313036176809,0.31896804761905084,0.22695385167386284,False
Barley,Washington,2021,season_tmin_mean,frost_cold,2.0444,3.4937807722007665,1.4493807722007666,0.12871066666666747,0.08880390104198141,False
Canola,Minnesota,2021,hot_dry_days_30_1mm,drought,1.9054,2.2847561576354565,0.3793561576354565,0.23588609523809742,0.6218064225143616,True
Canola,Montana,2021,heatwave_events_3d_30,heat,1.0088,1.4582215506715492,0.4494215506715493,0.3304773333333346,0.7353393108085672,True
Canola,North Dakota,2021,hot_dry_days_30_1mm,drought,1.5019,2.024302436974793,0.5224024369747928,0.20787942857142805,0.3979296685047025,False
Canola,Washington,2021,hot_dry_days_30_1mm,drought,1.2329,1.8780488095238044,0.6451488095238043,0.13935438095238178,0.21600346911473295,False
Oats,Minnesota,2021,dry_spell_events_14d,drought,2.0444,2.530687250107249,0.48628725010724905,0.15850195238095074,0.325943055973591,False
Oats,Montana,2021,season_tmean_mean,heat,1.2554,1.6294996181896195,0.37409961818961945,0.3557973324753383,0.9510764384020186,True
Oats,North Dakota,2021,wet_days_1mm,excess_rain,1.7216,2.586443903903892,0.8648439039038918,0.23337047619047643,0.2698411529954085,False
Oats,South Dakota,2021,heat_days_40,heat,2.4031,2.892177456027447,0.48907745602744734,0.05953238095238156,0.12172382966889515,False
Wheat,Minnesota,2021,dry_spell_events_14d,drought,3.228,4.116680694980701,0.8886806949807009,0.29119452380952543,0.32767058568302665,False
Wheat,Montana,2021,hot_dry_days_30_1mm,drought,1.493,2.3661455298155296,0.8731455298155295,0.20491861904762015,0.2346901084071444,False
Wheat,North Dakota,2021,hot_dry_days_30_1mm,drought,2.1655,3.126483856713847,0.9609838567138467,0.2144140952380948,0.22311935183937345,False
Wheat,South Dakota,2021,heat_days_30,heat,2.2865,3.25163422994423,0.9651342299442298,0.09562547619047594,0.09907997584543411,False
Wheat,Washington,2021,dry_spell_events_7d,drought,2.6295,4.160379236379226,1.530879236379226,0.05897890476190424,0.03852616415478909,False
Barley,Colorado,2022,season_tmean_mean,heat,5.9719,7.389565774345755,1.417665774345755,0.201749999999997,0.14231139923872643,False
Barley,Kansas,2022,dry_spell_events_14d,drought,1.8292,2.4776085827900616,0.6484085827900616,0.38299423809523736,0.59066805754982,True
Barley,Montana,2022,hot_dry_days_30_1mm,drought,2.2058,2.846738314028311,0.6409383140283111,0.22859666666666856,0.3566593877497096,False
Canola,Kansas,2022,heat_days_30,heat,0.7734,1.3450090909090875,0.5716090909090875,0.25646728571428734,0.44867600916983597,False
Canola,Oklahoma,2022,dry_spell_events_14d,drought,0.7846,1.3464651960784333,0.5618651960784333,0.1249766190476201,0.22243167919974535,False
Oats,Kansas,2022,max_7day_rain,excess_rain,1.4706,1.9477434834834817,0.4771434834834818,0.23129199999999916,0.4847430762574928,False
Oats,Minnesota,2022,frost_events_2d,frost_cold,2.1879,2.548846593736592,0.3609465937365921,0.12643995238095274,0.35030099902597994,False
Oats,Nebraska,2022,season_tmax_mean,heat,1.8292,2.231432436722436,0.4022324367224359,0.0833120476190476,0.20712414020587264,False
Oats,Oklahoma,2022,dry_spell_events_14d,drought,0.7173,1.512370618792973,0.795070618792973,0.348118476190476,0.4378459824348281,False
Wheat,Colorado,2022,wet_days_1mm,excess_rain,1.6813,2.470025499785498,0.788725499785498,0.10247476190476344,0.1299244945581606,False
Wheat,Kansas,2022,radiation_mean,radiation,2.4883,2.9525582625482656,0.4642582625482654,0.36883052380952414,0.7944511784993371,True
Wheat,Montana,2022,heatwave_events_3d_30,heat,1.9032,2.376816392106392,0.47361639210639206,0.23806185714285832,0.5026469968323661,True
Wheat,Nebraska,2022,radiation_mean,radiation,2.152,3.144310051480048,0.992310051480048,0.4236549523809509,0.42693808427019564,False
Barley,Kansas,2023,max_1day_rain,excess_rain,1.5602,2.492113654834803,0.931913654834803,0.35228909523809654,0.37802761383568906,False
Barley,Washington,2023,max_consecutive_heat_days_30,heat,2.8514,3.510122368082365,0.6587223680823651,0.2523923809523785,0.38315441099583236,False
Canola,Kansas,2023,growing_degree_days_base5,heat,0.6725,1.3039151515151417,0.6314151515151417,0.17772290476190888,0.2814675959793578,False
Canola,Oklahoma,2023,heat_days_40,heat,0.8967,1.3451735294117673,0.4484735294117672,0.09004319047619154,0.20077704607069047,False
Oats,Montana,2023,max_consecutive_heat_days_35,heat,1.3271,1.6090596439296476,0.2819596439296477,0.2711140248820269,0.9615348533695592,True
Oats,South Dakota,2023,radiation_sum,radiation,2.6542,2.954449013299005,0.300249013299005,0.04848628571428469,0.1614869110860301,False
Wheat,Kansas,2023,radiation_mean,radiation,2.3538,2.9704059588159595,0.6166059588159594,0.567811904761906,0.9208667166503705,True
Wheat,Washington,2023,wet_days_1mm,excess_rain,3.3962,4.178225954525948,0.7820259545259485,0.5521309047619054,0.7060263173702441,True
Oats,Montana,2024,max_consecutive_heat_days_35,heat,1.1836,1.598839656799658,0.4152396567996579,0.24771061904762037,0.5965485593471005,True
Barley,Colorado,2025,rain_sum,drought,6.7789,7.619181681681653,0.8402816816816525,0.08490152380952491,0.101039360562534,False
Barley,Washington,2025,radiation_mean,radiation,2.6362,3.526463963963961,0.8902639639639607,0.40119471428571307,0.45064692105402804,False
Oats,Nebraska,2025,heat_days_35,heat,1.7934,2.248478228228228,0.45507822822822774,0.18406604761904852,0.40447122319096523,False
