country,region,crop,year,window,season_days,rain_sum,rain_mean,dry_days_1mm,dry_days_2mm,max_dry_spell_1mm,dry_spell_events_7d,dry_spell_events_14d,heavy_rain_days_10,heavy_rain_days_20,heavy_rain_days_25,heavy_rain_days_50,max_1day_rain,max_3day_rain,max_7day_rain,wet_days_1mm,season_tmax_mean,season_tmin_mean,season_tmean_mean,growing_degree_days_base5,heat_days_30,heat_days_35,heat_days_40,max_consecutive_heat_days_30,max_consecutive_heat_days_35,heatwave_events_3d_30,heatwave_events_3d_35,heat_degree_days_30,heat_degree_days_35,hot_dry_days_30_1mm,frost_days_0,cold_days_5,min_tmin,frost_events_2d,radiation_sum,radiation_mean,rain_sum_early,heat_days_35_early,frost_days_0_early,radiation_sum_early,max_3day_rain_early,rain_sum_mid,heat_days_35_mid,frost_days_0_mid,radiation_sum_mid,max_3day_rain_mid,rain_sum_late,heat_days_35_late,frost_days_0_late,radiation_sum_late,max_3day_rain_late,lat,lon,yield_t_ha,trend_yield_t_ha,trend_residual_t_ha,trend_residual_z,is_low_yield_anomaly
United States,Colorado,Barley,1990,spring,183.0,301.59,1.648,105.0,128.0,13.0,7.0,0.0,2.0,0.0,0.0,0.0,10.7,21.87,42.74,78.0,19.712,3.611,11.661,1301.845,5.0,0.0,0.0,3.0,0.0,1.0,0.0,4.32,0.0,5.0,54.0,94.0,-9.91,5.0,3943.75,21.551,96.29,0.0,51.0,1257.22,20.9,101.38,0.0,3.0,1505.29,21.87,103.92,0.0,0.0,1181.24,15.82,39.0,-105.5,4.3041,4.9403294294294255,-0.6362294294294255,-1.1337152209336827,True
United States,Colorado,Oats,1990,spring,183.0,301.59,1.648,105.0,128.0,13.0,7.0,0.0,2.0,0.0,0.0,0.0,10.7,21.87,42.74,78.0,19.712,3.611,11.661,1301.845,5.0,0.0,0.0,3.0,0.0,1.0,0.0,4.32,0.0,5.0,54.0,94.0,-9.91,5.0,3943.75,21.551,96.29,0.0,51.0,1257.22,20.9,101.38,0.0,3.0,1505.29,21.87,103.92,0.0,0.0,1181.24,15.82,39.0,-105.5,1.7934,2.0998372413793227,-0.3064372413793226,-1.1464208408048637,True
United States,Montana,Oats,1990,spring,183.0,282.34,1.543,117.0,143.0,27.0,4.0,1.0,5.0,0.0,0.0,0.0,19.62,33.88,44.03,66.0,20.928,6.794,13.861,1688.17,16.0,1.0,0.0,4.0,1.0,1.0,0.0,31.08,0.49,12.0,28.0,70.0,-8.4,6.0,3937.42,21.516,139.06,0.0,28.0,1186.2,33.88,71.48,1.0,0.0,1520.08,14.86,71.8,0.0,0.0,1231.14,32.65,47.0,-110.0,1.4347,1.9463192192192196,-0.5116192192192195,-1.8612439517806318,True
United States,Colorado,Barley,1991,spring,183.0,307.78,1.682,95.0,127.0,14.0,5.0,1.0,2.0,0.0,0.0,0.0,14.0,26.75,45.55,88.0,18.768,3.17,10.969,1219.64,0.0,0.0,0.0,0.0,0.0,0.0,0.0,0.0,0.0,0.0,51.0,94.0,-9.88,5.0,3913.54,21.385,83.3,0.0,44.0,1325.57,14.32,129.48,0.0,1.0,1387.43,26.75,95.0,0.0,6.0,1200.54,20.9,39.0,-105.5,4.3041,5.016868065208058,-0.7127680652080581,-1.2701015815104855,True
United States,Texas,Barley,1991,spring,183.0,556.07,3.039,96.0,113.0,9.0,4.0,0.0,16.0,3.0,3.0,0.0,29.91,48.2,81.41,87.0,31.497,19.121,25.309,3716.485,121.0,38.0,0.0,40.0,8.0,6.0,6.0,448.21,42.95,64.0,0.0,0.0,5.13,0.0,3914.8,21.392,188.41,1.0,0.0,1264.34,47.57,186.78,19.0,0.0,1494.48,48.2,180.88,18.0,0.0,1155.98,26.1,31.0,-99.0,1.7216,2.0867878787878986,-0.3651878787878986,-1.1631674506228415,True
United States,Iowa,Oats,1991,spring,183.0,689.66,3.769,104.0,121.0,13.0,4.0,0.0,25.0,9.0,5.0,0.0,34.18,53.83,94.28,79.0,24.373,13.187,18.78,2522.835,26.0,0.0,0.0,7.0,0.0,4.0,0.0,40.42,0.0,18.0,4.0,32.0,-3.43,1.0,3510.45,19.183,362.85,0.0,2.0,1014.66,53.83,157.3,0.0,0.0,1407.78,46.75,169.51,0.0,2.0,1088.01,52.77,42.0,-93.5,1.7934,2.1940560145860033,-0.4006560145860032,-1.3467014601308458,True
United States,Minnesota,Oats,1991,spring,183.0,668.22,3.651,92.0,110.0,7.0,2.0,0.0,23.0,4.0,2.0,0.0,37.11,63.91,85.82,91.0,21.297,10.407,15.852,2023.02,10.0,0.0,0.0,6.0,0.0,2.0,0.0,11.91,0.0,5.0,17.0,44.0,-5.15,4.0,3373.14,18.432,244.96,0.0,16.0,1048.94,51.92,247.85,0.0,0.0,1287.23,32.5,175.41,0.0,1.0,1036.97,63.91,46.0,-94.0,1.4347,1.9859069412269363,-0.5512069412269363,-1.8071248688832653,True
United States,Illinois,Wheat,1991,winter,303.0,836.39,2.76,204.0,225.0,16.0,11.0,3.0,26.0,10.0,6.0,0.0,41.53,75.67,107.81,99.0,14.511,3.511,9.011,2052.46,12.0,1.0,0.0,6.0,1.0,1.0,0.0,24.31,0.7,9.0,121.0,172.0,-24.97,11.0,3971.96,13.109,297.38,1.0,28.0,1135.38,75.67,247.11,0.0,87.0,837.27,64.78,291.9,0.0,6.0,1999.31,62.33,40.0,-89.0,2.152,3.0019648348348085,-0.8499648348348083,-1.9898182553571984,True
United States,Washington,Wheat,1991,winter,303.0,1009.41,3.331,138.0,183.0,15.0,5.0,3.0,30.0,3.0,2.0,0.0,37.96,79.14,112.25,165.0,7.948,-1.684,3.132,645.405,0.0,0.0,0.0,0.0,0.0,0.0,0.0,0.0,0.0,0.0,182.0,250.0,-30.73,16.0,3336.81,11.013,430.6,0.0,49.0,933.16,79.14,337.62,0.0,97.0,657.49,41.01,241.19,0.0,36.0,1746.16,32.17,47.4,-120.7,3.0868,3.8926784641784575,-0.8058784641784573,-1.5397026707153056,True
United States,Colorado,Barley,1992,spring,183.0,259.56,1.418,110.0,142.0,19.0,7.0,1.0,1.0,1.0,1.0,0.0,39.39,50.55,54.13,73.0,19.176,3.316,11.246,1179.475,0.0,0.0,0.0,0.0,0.0,0.0,0.0,0.0,0.0,0.0,39.0,115.0,-5.86,6.0,3858.64,21.085,62.91,0.0,32.0,1313.23,15.32,94.16,0.0,2.0,1362.16,12.43,102.49,0.0,5.0,1183.25,50.55,39.0,-105.5,4.3579,5.093406700986691,-0.7355067009866909,-1.310620199941296,True
United States,Washington,Barley,1992,spring,183.0,280.72,1.534,125.0,142.0,16.0,8.0,2.0,6.0,1.0,1.0,0.0,29.56,39.0,41.16,58.0,19.407,6.625,13.016,1497.985,10.0,0.0,0.0,4.0,0.0,1.0,0.0,11.87,0.0,10.0,19.0,62.0,-4.17,5.0,3573.17,19.526,95.89,0.0,18.0,1149.28,27.73,111.93,0.0,0.0,1323.85,39.0,72.9,0.0,1.0,1100.04,24.25,47.4,-120.7,2.421,3.2568276319176324,-0.8358276319176325,-1.3703512839708138,True
United States,Nebraska,Wheat,1992,winter,304.0,411.21,1.353,236.0,253.0,33.0,12.0,4.0,12.0,3.0,0.0,0.0,24.84,40.7,64.29,68.0,14.443,2.0,8.222,1658.655,12.0,0.0,0.0,2.0,0.0,0.0,0.0,19.61,0.0,9.0,150.0,194.0,-19.17,13.0,4293.89,14.125,132.72,0.0,45.0,1234.76,40.7,127.82,0.0,88.0,982.5,37.37,150.67,0.0,17.0,2076.63,25.01,41.5,-99.8,2.0175,2.416996151866151,-0.39949615186615084,-1.0644186343106223,True
United States,Washington,Wheat,1992,winter,304.0,710.2,2.336,175.0,208.0,32.0,8.0,4.0,17.0,2.0,1.0,0.0,29.56,39.0,69.36,129.0,10.348,0.407,5.378,1008.145,4.0,0.0,0.0,4.0,0.0,1.0,0.0,6.06,0.0,4.0,164.0,227.0,-13.65,15.0,3692.06,12.145,265.26,0.0,46.0,1022.73,34.27,280.26,0.0,93.0,654.21,34.32,164.68,0.0,25.0,2015.12,39.0,47.4,-120.7,3.3222,3.901601823251818,-0.5794018232518181,-1.1069988519765057,True
United States,Colorado,Barley,1993,spring,183.0,238.45,1.303,111.0,140.0,14.0,4.0,1.0,1.0,0.0,0.0,0.0,12.43,15.66,20.49,72.0,18.454,2.485,10.47,1127.475,0.0,0.0,0.0,0.0,0.0,0.0,0.0,0.0,0.0,0.0,61.0,113.0,-9.66,6.0,4033.22,22.039,79.37,0.0,44.0,1328.56,12.75,61.63,0.0,7.0,1556.66,15.66,97.45,0.0,10.0,1148.0,12.68,39.0,-105.5,4.5731,5.169945336765323,-0.5968453367653233,-1.063535591934128,True
United States,Illinois,Oats,1993,spring,183.0,878.39,4.8,81.0,96.0,5.0,0.0,0.0,26.0,9.0,6.0,1.0,56.71,62.97,79.74,102.0,23.074,13.33,18.202,2431.215,11.0,0.0,0.0,2.0,0.0,0.0,0.0,6.9,0.0,3.0,8.0,25.0,-4.51,1.0,3151.9,17.223,181.56,0.0,8.0,1025.25,54.35,365.86,0.0,0.0,1199.25,61.19,330.97,0.0,0.0,927.4,62.97,40.0,-89.0,1.8292,2.2663275203775086,-0.4371275203775087,-1.4088482388057697,True
United States,Iowa,Oats,1993,spring,183.0,1122.72,6.135,69.0,83.0,6.0,0.0,0.0,45.0,13.0,7.0,1.0,73.46,115.75,160.11,114.0,21.576,11.539,16.557,2135.205,4.0,0.0,0.0,1.0,0.0,0.0,0.0,0.93,0.0,1.0,8.0,32.0,-6.72,1.0,3099.69,16.938,239.3,0.0,8.0,977.4,35.69,515.09,0.0,0.0,1162.85,115.75,368.33,0.0,0.0,959.44,77.1,42.0,-93.5,1.4347,2.2300232990132898,-0.7953232990132897,-2.67327335436111,True
United States,Kansas,Oats,1993,spring,183.0,823.38,4.499,93.0,107.0,11.0,4.0,0.0,32.0,10.0,5.0,1.0,50.98,79.58,136.46,90.0,25.255,13.858,19.557,2668.645,46.0,5.0,0.0,11.0,3.0,6.0,1.0,107.16,1.63,22.0,4.0,21.0,-2.5,1.0,3532.7,19.304,209.03,0.0,4.0,1024.5,47.71,438.71,1.0,0.0,1365.22,79.58,175.64,4.0,0.0,1142.98,29.41,38.5,-98.0,1.2195,1.734650960960959,-0.515150960960959,-1.739216398702627,True
United States,Nebraska,Oats,1993,spring,183.0,635.72,3.474,98.0,110.0,11.0,2.0,0.0,20.0,3.0,2.0,0.0,30.43,48.65,81.86,85.0,22.915,10.539,16.727,2169.755,20.0,0.0,0.0,3.0,0.0,1.0,0.0,30.91,0.0,10.0,13.0,34.0,-3.93,4.0,3608.74,19.72,153.6,0.0,13.0,1127.83,31.3,358.45,0.0,0.0,1386.47,48.65,123.67,0.0,0.0,1094.44,27.95,41.5,-99.8,1.5423,2.06665645216645,-0.5243564521664501,-1.4913688567257626,True
United States,Iowa,Wheat,1993,winter,303.0,912.92,3.013,187.0,203.0,22.0,7.0,2.0,32.0,6.0,4.0,0.0,40.59,60.09,86.44,116.0,9.866,-0.17,4.848,1376.49,0.0,0.0,0.0,0.0,0.0,0.0,0.0,0.0,0.0,0.0,157.0,198.0,-27.1,6.0,3671.07,12.116,275.35,0.0,42.0,999.24,60.09,128.15,0.0,101.0,940.63,26.95,509.42,0.0,14.0,1731.2,51.89,42.0,-93.5,1.6813,2.680891674876861,-0.999591674876861,-2.069807296385674,True
United States,Texas,Barley,1994,spring,183.0,399.01,2.18,116.0,132.0,24.0,5.0,2.0,12.0,1.0,0.0,0.0,23.24,61.36,99.38,67.0,32.599,19.151,25.875,3820.115,126.0,67.0,11.0,63.0,18.0,7.0,8.0,667.16,182.99,89.0,0.0,2.0,1.47,0.0,4207.77,22.993,216.71,1.0,0.0,1299.7,61.36,69.03,39.0,0.0,1621.14,14.6,113.27,27.0,0.0,1286.93,20.28,31.0,-99.0,1.7754,2.1288496969697093,-0.3534496969697092,-1.125779925424228,True
United States,Washington,Barley,1994,spring,183.0,208.99,1.142,130.0,146.0,33.0,4.0,3.0,1.0,0.0,0.0,0.0,12.53,20.66,28.99,53.0,19.806,6.202,13.004,1490.325,6.0,0.0,0.0,5.0,0.0,1.0,0.0,16.21,0.0,6.0,20.0,73.0,-3.72,5.0,3503.9,19.147,111.55,0.0,20.0,1021.03,20.66,63.32,0.0,0.0,1379.36,12.83,34.12,0.0,0.0,1103.51,10.44,47.4,-120.7,2.5286,3.2731692277992277,-0.7445692277992277,-1.2207318331638712,True
United States,Washington,Oats,1994,spring,183.0,208.99,1.142,130.0,146.0,33.0,4.0,3.0,1.0,0.0,0.0,0.0,12.53,20.66,28.99,53.0,19.806,6.202,13.004,1490.325,6.0,0.0,0.0,5.0,0.0,1.0,0.0,16.21,0.0,6.0,20.0,73.0,-3.72,5.0,3503.9,19.147,111.55,0.0,20.0,1021.03,20.66,63.32,0.0,0.0,1379.36,12.83,34.12,0.0,0.0,1103.51,10.44,47.4,-120.7,2.0803,2.5619428571428564,-0.4816428571428566,-1.0905750921050479,True
United States,Minnesota,Wheat,1994,spring,183.0,569.46,3.112,107.0,119.0,14.0,4.0,1.0,19.0,4.0,3.0,0.0,28.1,46.96,69.26,76.0,21.143,9.634,15.388,1946.745,2.0,0.0,0.0,1.0,0.0,0.0,0.0,2.15,0.0,0.0,23.0,41.0,-7.74,5.0,3419.26,18.684,151.79,0.0,23.0,1206.91,46.96,234.93,0.0,0.0,1277.56,42.38,182.74,0.0,0.0,934.79,41.18,46.0,-94.0,1.883,2.5777693050193022,-0.6947693050193022,-1.5467402503163716,True
United States,Texas,Wheat,1994,winter,303.0,620.34,2.047,213.0,233.0,18.0,13.0,1.0,16.0,3.0,1.0,0.0,27.02,61.36,99.38,90.0,23.626,10.298,16.962,3681.7,80.0,16.0,5.0,22.0,9.0,8.0,2.0,301.44,55.79,59.0,38.0,94.0,-6.59,9.0,5041.49,16.639,203.68,2.0,9.0,1468.77,51.26,153.03,0.0,29.0,1272.72,35.05,263.63,14.0,0.0,2300.0,61.36,31.0,-99.0,1.7485,2.004965555555554,-0.25646555555555395,-1.1083729145009886,True
United States,Minnesota,Oats,1995,spring,183.0,591.87,3.234,98.0,122.0,13.0,3.0,0.0,20.0,5.0,1.0,0.0,34.76,75.21,84.64,85.0,20.296,9.475,14.886,1891.615,7.0,0.0,0.0,5.0,0.0,1.0,0.0,9.31,0.0,5.0,24.0,53.0,-12.98,3.0,3310.28,18.089,138.65,0.0,23.0,1087.37,27.19,204.43,0.0,0.0,1278.82,49.75,248.79,0.0,1.0,944.09,75.21,46.0,-94.0,1.7216,2.0585443157443137,-0.3369443157443137,-1.1046676064257241,True
United States,South Dakota,Oats,1995,spring,183.0,481.9,2.633,110.0,132.0,10.0,5.0,0.0,17.0,2.0,0.0,0.0,21.1,45.9,63.47,73.0,23.309,10.67,16.989,2244.08,47.0,11.0,0.0,8.0,2.0,8.0,0.0,161.2,19.45,33.0,20.0,45.0,-7.83,5.0,3687.83,20.152,226.82,0.0,19.0,1075.37,44.48,168.36,4.0,0.0,1471.61,45.9,86.72,7.0,1.0,1140.85,23.1,44.5,-100.0,1.6499,2.0826472114972034,-0.4327472114972035,-1.4758978139228536,True
United States,Kansas,Wheat,1995,winter,303.0,672.2,2.218,217.0,236.0,23.0,13.0,4.0,22.0,6.0,4.0,0.0,45.98,59.7,109.53,86.0,16.524,4.304,10.414,2109.035,19.0,1.0,0.0,8.0,1.0,2.0,0.0,36.23,0.27,15.0,107.0,158.0,-14.05,11.0,4085.47,13.483,145.01,1.0,20.0,1234.19,29.9,70.53,0.0,79.0,1009.84,18.06,456.66,0.0,8.0,1841.44,59.7,38.5,-98.0,1.7485,2.4706704633204666,-0.7221704633204666,-1.5802203272200261,True
United States,Minnesota,Wheat,1995,spring,183.0,591.87,3.234,98.0,122.0,13.0,3.0,0.0,20.0,5.0,1.0,0.0,34.76,75.21,84.64,85.0,20.296,9.475,14.886,1891.615,7.0,0.0,0.0,5.0,0.0,1.0,0.0,9.31,0.0,5.0,24.0,53.0,-12.98,3.0,3310.28,18.089,138.65,0.0,23.0,1087.37,27.19,204.43,0.0,0.0,1278.82,49.75,248.79,0.0,1.0,944.09,75.21,46.0,-94.0,2.152,2.634766023166023,-0.4827660231660227,-1.0747648667283995,True
United States,Oklahoma,Wheat,1995,winter,303.0,937.75,3.095,203.0,224.0,15.0,9.0,3.0,29.0,15.0,13.0,0.0,48.22,79.56,143.53,100.0,19.297,7.299,13.298,2713.06,28.0,0.0,0.0,7.0,0.0,3.0,0.0,42.43,0.0,18.0,70.0,122.0,-10.55,12.0,4337.26,14.314,297.69,0.0,10.0,1271.0,79.56,135.75,0.0,59.0,1094.45,57.77,504.31,0.0,1.0,1971.81,79.04,35.5,-97.5,1.4123,1.9478657443157417,-0.5355657443157416,-1.3205792576745536,True
United States,Oklahoma,Barley,1996,spring,183.0,691.9,3.781,105.0,125.0,17.0,4.0,1.0,22.0,10.0,6.0,0.0,41.54,84.43,116.87,78.0,29.973,17.363,23.668,3416.455,92.0,31.0,6.0,26.0,12.0,10.0,5.0,416.22,107.09,56.0,2.0,12.0,-1.45,0.0,3900.42,21.314,126.91,8.0,2.0,1341.64,40.85,272.04,23.0,0.0,1446.98,84.43,292.95,0.0,0.0,1111.8,51.74,35.5,-97.5,1.2374,2.0385309090909054,-0.8011309090909053,-2.307206688138082,True
United States,Texas,Barley,1996,spring,183.0,536.08,2.929,107.0,128.0,15.0,6.0,1.0,19.0,3.0,2.0,0.0,29.72,54.47,89.45,76.0,32.768,19.317,26.043,3850.795,140.0,67.0,7.0,74.0,20.0,9.0,5.0,670.35,161.48,87.0,0.0,4.0,0.67,0.0,4191.33,22.903,152.22,16.0,0.0,1451.53,30.37,134.4,42.0,0.0,1544.48,31.41,249.46,9.0,0.0,1195.32,54.47,31.0,-99.0,1.8292,2.1568909090909187,-0.3276909090909188,-1.0437350784606492,True
United States,Colorado,Oats,1996,spring,183.0,305.42,1.669,102.0,133.0,14.0,3.0,1.0,3.0,1.0,0.0,0.0,24.09,44.02,47.61,81.0,19.441,3.444,11.443,1298.315,0.0,0.0,0.0,0.0,0.0,0.0,0.0,0.0,0.0,0.0,49.0,91.0,-9.07,5.0,4045.24,22.105,92.18,0.0,41.0,1365.32,44.02,107.97,0.0,1.0,1496.0,18.14,105.27,0.0,7.0,1183.92,12.66,39.0,-105.5,1.8651,2.1762754679803074,-0.3111754679803074,-1.164147151417029,True
United States,Montana,Oats,1996,spring,183.0,261.61,1.43,115.0,145.0,12.0,8.0,0.0,3.0,0.0,0.0,0.0,19.38,30.85,38.64,68.0,19.891,6.206,13.048,1549.19,17.0,0.0,0.0,5.0,0.0,2.0,0.0,27.6,0.0,13.0,36.0,80.0,-4.45,7.0,3712.46,20.287,134.06,0.0,31.0,981.01,30.85,58.14,0.0,0.0,1569.38,11.81,69.41,0.0,5.0,1162.07,30.78,47.0,-110.0,1.4347,1.8849992964392968,-0.45029929643929667,-1.6381652809442193,True
United States,Texas,Oats,1996,spring,183.0,536.08,2.929,107.0,128.0,15.0,6.0,1.0,19.0,3.0,2.0,0.0,29.72,54.47,89.45,76.0,32.768,19.317,26.043,3850.795,140.0,67.0,7.0,74.0,20.0,9.0,5.0,670.35,161.48,87.0,0.0,4.0,0.67,0.0,4191.33,22.903,152.22,16.0,0.0,1451.53,30.37,134.4,42.0,0.0,1544.48,31.41,249.46,9.0,0.0,1195.32,54.47,31.0,-99.0,1.2195,1.5489525825825794,-0.32945258258257937,-1.8057626676466147,True
United States,Illinois,Wheat,1996,winter,304.0,710.2,2.336,205.0,225.0,26.0,9.0,2.0,22.0,5.0,3.0,0.0,31.53,59.69,91.06,99.0,13.069,1.395,7.232,1717.415,9.0,0.0,0.0,3.0,0.0,1.0,0.0,5.01,0.0,6.0,143.0,190.0,-26.89,13.0,3777.52,12.426,151.16,0.0,36.0,1146.35,27.04,139.06,0.0,90.0,844.86,32.29,419.98,0.0,17.0,1786.31,59.69,40.0,-89.0,2.5555,3.357479699699695,-0.8019796996996953,-1.877482198658821,True
United States,Kansas,Wheat,1996,winter,304.0,432.65,1.423,255.0,263.0,47.0,11.0,3.0,12.0,5.0,3.0,0.0,42.61,79.71,99.77,49.0,16.95,3.613,10.282,2252.44,45.0,17.0,0.0,15.0,6.0,6.0,3.0,185.99,36.57,34.0,124.0,183.0,-20.15,14.0,4501.63,14.808,83.6,4.0,23.0,1272.6,38.37,35.66,0.0,86.0,1073.17,11.73,313.39,13.0,15.0,2155.86,79.71,38.5,-98.0,1.9503,2.4885181595881605,-0.5382181595881605,-1.1777043225357562,True
United States,Oklahoma,Wheat,1996,winter,304.0,497.38,1.636,243.0,257.0,44.0,12.0,6.0,16.0,6.0,4.0,0.0,32.38,49.71,87.74,61.0,19.926,6.476,13.201,2856.4,53.0,24.0,0.0,18.0,6.0,4.0,5.0,253.95,56.6,38.0,85.0,150.0,-14.81,15.0,4946.45,16.271,187.06,6.0,13.0,1451.39,48.06,81.25,0.0,64.0,1196.96,47.86,229.07,18.0,8.0,2298.1,49.71,35.5,-97.5,1.2778,1.9590427069927046,-0.6812427069927045,-1.6797844108682416,True
United States,Texas,Wheat,1996,winter,304.0,429.12,1.412,243.0,255.0,30.0,13.0,6.0,14.0,2.0,2.0,0.0,27.19,31.41,60.04,61.0,25.244,10.276,17.76,3971.96,108.0,42.0,2.0,22.0,12.0,12.0,3.0,464.48,86.16,75.0,39.0,90.0,-7.56,9.0,5417.28,17.82,134.35,7.0,2.0,1587.18,27.06,44.57,1.0,37.0,1385.67,19.6,250.2,34.0,0.0,2444.43,31.41,31.0,-99.0,1.7485,2.01651222222222,-0.2680122222222199,-1.1582744014994317,True
United States,North Dakota,Barley,1997,spring,183.0,295.06,1.612,136.0,151.0,14.0,7.0,2.0,5.0,2.0,2.0,0.0,34.63,63.24,64.98,47.0,22.527,8.791,15.659,2090.395,28.0,2.0,0.0,5.0,2.0,6.0,0.0,60.86,0.36,19.0,22.0,50.0,-20.31,4.0,3787.18,20.695,98.08,0.0,22.0,1231.66,63.24,153.21,0.0,0.0,1451.5,51.06,43.77,2.0,0.0,1104.02,12.94,47.5,-100.5,2.421,2.83226297297297,-0.41126297297297,-1.1488840075422557,True
United States,North Dakota,Oats,1997,spring,183.0,295.06,1.612,136.0,151.0,14.0,7.0,2.0,5.0,2.0,2.0,0.0,34.63,63.24,64.98,47.0,22.527,8.791,15.659,2090.395,28.0,2.0,0.0,5.0,2.0,6.0,0.0,60.86,0.36,19.0,22.0,50.0,-20.31,4.0,3787.18,20.695,98.08,0.0,22.0,1231.66,63.24,153.21,0.0,0.0,1451.5,51.06,43.77,2.0,0.0,1104.02,12.94,47.5,-100.5,1.5782,1.9664893093093028,-0.3882893093093027,-1.0379475468137331,True
United States,Minnesota,Wheat,1997,spring,183.0,479.92,2.623,110.0,133.0,20.0,3.0,1.0,16.0,4.0,1.0,0.0,25.97,44.84,65.83,73.0,20.405,9.124,14.765,1866.225,3.0,0.0,0.0,1.0,0.0,0.0,0.0,3.21,0.0,0.0,23.0,53.0,-12.63,4.0,3470.37,18.964,62.56,0.0,23.0,1182.89,16.16,266.78,0.0,0.0,1315.4,44.84,150.58,0.0,0.0,972.08,32.09,46.0,-94.0,2.152,2.748759459459464,-0.5967594594594638,-1.3285444089637062,True
United States,North Dakota,Wheat,1997,spring,183.0,295.06,1.612,136.0,151.0,14.0,7.0,2.0,5.0,2.0,2.0,0.0,34.63,63.24,64.98,47.0,22.527,8.791,15.659,2090.395,28.0,2.0,0.0,5.0,2.0,6.0,0.0,60.86,0.36,19.0,22.0,50.0,-20.31,4.0,3787.18,20.695,98.08,0.0,22.0,1231.66,63.24,153.21,0.0,0.0,1451.5,51.06,43.77,2.0,0.0,1104.02,12.94,47.5,-100.5,1.6342,2.1632779879879678,-0.5290779879879677,-1.4580425948827622,True
United States,South Dakota,Wheat,1997,spring,183.0,485.08,2.651,105.0,127.0,14.0,4.0,1.0,16.0,4.0,2.0,0.0,28.81,47.6,50.6,78.0,23.241,10.567,16.904,2265.715,33.0,2.0,0.0,6.0,2.0,6.0,0.0,71.41,0.35,13.0,17.0,37.0,-15.44,2.0,3745.07,20.465,168.44,0.0,17.0,1162.09,47.6,236.5,2.0,0.0,1466.74,46.17,80.14,0.0,0.0,1116.24,17.98,44.5,-100.0,1.9301,2.3631684384384357,-0.4330684384384358,-1.1586822418459581,True
United States,Illinois,Oats,1998,spring,183.0,706.93,3.863,103.0,115.0,11.0,4.0,0.0,24.0,9.0,3.0,0.0,28.13,55.2,79.11,80.0,25.01,14.514,19.762,2701.515,16.0,0.0,0.0,5.0,0.0,2.0,0.0,23.46,0.0,10.0,2.0,19.0,-1.69,0.0,3504.19,19.149,260.39,0.0,2.0,1102.0,45.21,290.01,0.0,0.0,1302.74,37.57,156.53,0.0,0.0,1099.45,55.2,40.0,-89.0,2.0086,2.383922436722422,-0.37532243672242194,-1.2096523996110329,True
United States,Minnesota,Barley,1999,spring,183.0,657.89,3.595,92.0,111.0,12.0,3.0,0.0,20.0,7.0,3.0,0.0,35.27,82.64,102.06,91.0,21.356,10.291,15.824,1989.51,11.0,0.0,0.0,4.0,0.0,2.0,0.0,14.15,0.0,3.0,9.0,38.0,-3.4,3.0,3354.02,18.328,219.42,0.0,9.0,1085.19,82.64,265.37,0.0,0.0,1325.96,35.23,173.1,0.0,0.0,942.87,34.38,46.0,-94.0,2.5286,3.096537378807369,-0.5679373788073692,-1.1050805690968428,True
United States,Texas,Barley,1999,spring,183.0,299.66,1.637,132.0,147.0,24.0,8.0,1.0,10.0,1.0,0.0,0.0,20.87,48.11,51.92,51.0,33.274,20.032,26.653,3962.485,140.0,66.0,8.0,61.0,19.0,11.0,7.0,708.48,168.63,111.0,0.0,3.0,3.71,0.0,4159.05,22.727,157.38,2.0,0.0,1308.7,48.11,123.03,19.0,0.0,1469.46,39.84,19.25,45.0,0.0,1380.89,3.85,31.0,-99.0,1.883,2.1989527272727294,-0.3159527272727294,-1.0063475532620356,True
United States,Montana,Barley,2000,spring,183.0,281.42,1.538,117.0,144.0,23.0,7.0,1.0,3.0,0.0,0.0,0.0,17.57,29.44,38.48,66.0,21.351,6.847,14.099,1731.155,28.0,4.0,0.0,8.0,2.0,3.0,0.0,68.14,1.69,23.0,29.0,68.0,-8.77,6.0,3813.88,20.841,107.02,0.0,23.0,1203.92,24.79,120.19,3.0,1.0,1486.37,29.44,54.21,1.0,5.0,1123.59,20.25,47.0,-110.0,2.152,2.627072136422136,-0.47507213642213575,-1.332758740303602,True
United States,Nebraska,Barley,2000,spring,183.0,329.01,1.798,124.0,138.0,15.0,5.0,2.0,10.0,1.0,0.0,0.0,22.86,28.04,37.48,59.0,27.748,12.497,20.123,2782.04,83.0,34.0,1.0,17.0,10.0,10.0,4.0,363.14,65.55,60.0,10.0,30.0,-4.14,4.0,3925.5,21.451,108.33,1.0,10.0,1228.89,28.04,158.53,11.0,0.0,1515.84,24.19,62.15,22.0,0.0,1180.77,12.53,41.5,-99.8,1.4526,2.389104285714275,-0.9365042857142751,-2.142621478814649,True
United States,Nebraska,Oats,2000,spring,183.0,329.01,1.798,124.0,138.0,15.0,5.0,2.0,10.0,1.0,0.0,0.0,22.86,28.04,37.48,59.0,27.748,12.497,20.123,2782.04,83.0,34.0,1.0,17.0,10.0,10.0,4.0,363.14,65.55,60.0,10.0,30.0,-4.14,4.0,3925.5,21.451,108.33,1.0,10.0,1228.89,28.04,158.53,11.0,0.0,1515.84,24.19,62.15,22.0,0.0,1180.77,12.53,41.5,-99.8,1.5064,2.106429965679963,-0.600029965679963,-1.7065986319421915,True
United States,Montana,Barley,2001,spring,183.0,278.03,1.519,122.0,149.0,24.0,5.0,2.0,6.0,0.0,0.0,0.0,16.59,38.14,48.65,61.0,22.281,7.517,14.899,1884.155,32.0,1.0,0.0,6.0,1.0,4.0,0.0,60.23,1.1,27.0,28.0,59.0,-6.09,4.0,3992.44,21.817,58.54,0.0,28.0,1284.55,12.0,166.88,0.0,0.0,1471.23,38.14,52.61,1.0,0.0,1236.66,33.98,47.0,-110.0,2.2058,2.6370569626769615,-0.43125696267696156,-1.2098404479226033,True
United States,Washington,Barley,2001,spring,183.0,182.38,0.997,138.0,155.0,32.0,6.0,3.0,1.0,0.0,0.0,0.0,12.95,20.01,26.73,45.0,18.595,5.257,11.926,1355.225,8.0,0.0,0.0,6.0,0.0,1.0,0.0,12.0,0.0,8.0,35.0,78.0,-6.04,5.0,3725.91,20.36,88.76,0.0,35.0,1163.04,19.78,59.21,0.0,0.0,1411.1,14.09,34.41,0.0,0.0,1151.77,20.01,47.4,-120.7,2.69,3.330364813384813,-0.6403648133848132,-1.0498872144467293,True
United States,Montana,Canola,2001,spring,183.0,278.03,1.519,122.0,149.0,24.0,5.0,2.0,6.0,0.0,0.0,0.0,16.59,38.14,48.65,61.0,22.281,7.517,14.899,1884.155,32.0,1.0,0.0,6.0,1.0,4.0,0.0,60.23,1.1,27.0,28.0,59.0,-6.09,4.0,3992.44,21.817,58.54,0.0,28.0,1284.55,12.0,166.88,0.0,0.0,1471.23,38.14,52.61,1.0,0.0,1236.66,33.98,47.0,-110.0,1.02,1.3948650183150235,-0.3748650183150235,-1.1345030117169015,True
United States,Washington,Oats,2001,spring,183.0,182.38,0.997,138.0,155.0,32.0,6.0,3.0,1.0,0.0,0.0,0.0,12.95,20.01,26.73,45.0,18.595,5.257,11.926,1355.225,8.0,0.0,0.0,6.0,0.0,1.0,0.0,12.0,0.0,8.0,35.0,78.0,-6.04,5.0,3725.91,20.36,88.76,0.0,35.0,1163.04,19.78,59.21,0.0,0.0,1411.1,14.09,34.41,0.0,0.0,1151.77,20.01,47.4,-120.7,1.9727,2.4758611330049263,-0.5031611330049264,-1.13929852967335,True
United States,Montana,Wheat,2001,spring,183.0,278.03,1.519,122.0,149.0,24.0,5.0,2.0,6.0,0.0,0.0,0.0,16.59,38.14,48.65,61.0,22.281,7.517,14.899,1884.155,32.0,1.0,0.0,6.0,1.0,4.0,0.0,60.23,1.1,27.0,28.0,59.0,-6.09,4.0,3992.44,21.817,58.54,0.0,28.0,1284.55,12.0,166.88,0.0,0.0,1471.23,38.14,52.61,1.0,0.0,1236.66,33.98,47.0,-110.0,1.54,2.152728283998286,-0.6127282839982859,-1.7175823091250286,True
United States,Minnesota,Barley,2002,spring,183.0,674.2,3.684,102.0,124.0,12.0,2.0,0.0,21.0,7.0,5.0,0.0,48.31,66.11,110.07,81.0,21.086,9.656,15.371,1972.83,14.0,0.0,0.0,5.0,0.0,1.0,0.0,17.64,0.0,8.0,28.0,53.0,-9.12,5.0,3418.44,18.68,127.87,0.0,28.0,1133.76,32.64,295.49,0.0,0.0,1283.16,66.11,250.84,0.0,0.0,1001.52,49.06,46.0,-94.0,2.2058,3.161413401973398,-0.9556134019733982,-1.8594123956182027,True
United States,Montana,Barley,2002,spring,183.0,344.03,1.88,117.0,136.0,11.0,5.0,0.0,9.0,1.0,0.0,0.0,24.47,33.62,44.88,66.0,20.126,5.781,12.954,1584.77,23.0,5.0,0.0,4.0,4.0,4.0,1.0,58.34,12.57,14.0,44.0,74.0,-14.88,9.0,3770.11,20.602,87.16,0.0,40.0,1179.62,23.34,136.21,5.0,0.0,1485.4,29.84,120.66,0.0,4.0,1105.09,33.62,47.0,-110.0,2.2596,2.647041788931787,-0.3874417889317874,-1.0869221555416047,True
United States,Nebraska,Barley,2002,spring,183.0,254.06,1.388,130.0,152.0,18.0,8.0,2.0,6.0,0.0,0.0,0.0,18.13,29.72,41.73,53.0,27.742,12.96,20.351,2825.84,80.0,45.0,5.0,20.0,13.0,8.0,4.0,424.58,105.56,52.0,8.0,34.0,-7.3,2.0,4055.41,22.161,81.52,1.0,8.0,1302.63,21.21,63.02,34.0,0.0,1585.59,12.87,109.52,10.0,0.0,1167.19,29.72,41.5,-99.8,1.7216,2.425227142857139,-0.703627142857139,-1.6098235238857797,True
United States,North Dakota,Barley,2002,spring,183.0,298.94,1.634,122.0,141.0,22.0,5.0,1.0,6.0,1.0,1.0,0.0,32.66,38.78,42.26,61.0,22.935,8.925,15.93,2096.72,45.0,10.0,2.0,9.0,4.0,7.0,1.0,149.08,28.5,31.0,35.0,58.0,-10.61,6.0,3638.74,19.884,72.34,0.0,33.0,1201.09,21.32,146.37,9.0,0.0,1394.58,38.78,80.23,1.0,2.0,1043.07,19.74,47.5,-100.5,2.421,3.003649652509651,-0.5826496525096512,-1.6276614034310024,True
United States,South Dakota,Barley,2002,spring,183.0,288.76,1.578,131.0,148.0,11.0,8.0,0.0,8.0,1.0,1.0,0.0,29.77,30.6,43.23,52.0,26.752,12.068,19.41,2663.215,73.0,34.0,7.0,19.0,7.0,9.0,5.0,378.77,106.84,48.0,16.0,45.0,-7.36,5.0,3820.57,20.877,54.36,0.0,16.0,1274.98,16.37,100.75,25.0,0.0,1452.3,28.71,133.65,9.0,0.0,1093.29,30.6,44.5,-100.0,1.883,2.4424528505002376,-0.5594528505002376,-1.1846046731451791,True
United States,Minnesota,Canola,2002,spring,183.0,674.2,3.684,102.0,124.0,12.0,2.0,0.0,21.0,7.0,5.0,0.0,48.31,66.11,110.07,81.0,21.086,9.656,15.371,1972.83,14.0,0.0,0.0,5.0,0.0,1.0,0.0,17.64,0.0,8.0,28.0,53.0,-9.12,5.0,3418.44,18.68,127.87,0.0,28.0,1133.76,32.64,295.49,0.0,0.0,1283.16,66.11,250.84,0.0,0.0,1001.52,49.06,46.0,-94.0,0.9976,1.486950837438414,-0.4893508374384139,-1.621833898809787,True
United States,Montana,Canola,2002,spring,183.0,344.03,1.88,117.0,136.0,11.0,5.0,0.0,9.0,1.0,0.0,0.0,24.47,33.62,44.88,66.0,20.126,5.781,12.954,1584.77,23.0,5.0,0.0,4.0,4.0,4.0,1.0,58.34,12.57,14.0,44.0,74.0,-14.88,9.0,3770.11,20.602,87.16,0.0,40.0,1179.62,23.34,136.21,5.0,0.0,1485.4,29.84,120.66,0.0,4.0,1105.09,33.62,47.0,-110.0,1.0088,1.3980328449328505,-0.3892328449328506,-1.17798624374271,True
United States,North Dakota,Canola,2002,spring,183.0,298.94,1.634,122.0,141.0,22.0,5.0,1.0,6.0,1.0,1.0,0.0,32.66,38.78,42.26,61.0,22.935,8.925,15.93,2096.72,45.0,10.0,2.0,9.0,4.0,7.0,1.0,149.08,28.5,31.0,35.0,58.0,-10.61,6.0,3638.74,19.884,72.34,0.0,33.0,1201.09,21.32,146.37,9.0,0.0,1394.58,38.78,80.23,1.0,2.0,1043.07,19.74,47.5,-100.5,1.3562,1.6189015126050492,-0.26270151260504915,-1.368269051117264,True
United States,Colorado,Oats,2002,spring,183.0,161.7,0.884,138.0,158.0,29.0,9.0,2.0,1.0,0.0,0.0,0.0,12.88,21.61,30.39,45.0,21.77,4.329,13.05,1500.895,3.0,0.0,0.0,2.0,0.0,0.0,0.0,2.24,0.0,3.0,50.0,85.0,-6.76,6.0,4160.07,22.733,31.51,0.0,46.0,1407.53,9.89,52.43,0.0,0.0,1537.38,10.35,77.76,0.0,4.0,1215.16,21.61,39.0,-105.5,1.7934,2.252713694581292,-0.4593136945812919,-1.718351168953592,True
United States,Nebraska,Oats,2002,spring,183.0,254.06,1.388,130.0,152.0,18.0,8.0,2.0,6.0,0.0,0.0,0.0,18.13,29.72,41.73,53.0,27.742,12.96,20.351,2825.84,80.0,45.0,5.0,20.0,13.0,8.0,4.0,424.58,105.56,52.0,8.0,34.0,-7.3,2.0,4055.41,22.161,81.52,1.0,8.0,1302.63,21.21,63.02,34.0,0.0,1585.59,12.87,109.52,10.0,0.0,1167.19,29.72,41.5,-99.8,1.5423,2.1177938266838243,-0.5754938266838243,-1.6368132151480448,True
United States,North Dakota,Oats,2002,spring,183.0,298.94,1.634,122.0,141.0,22.0,5.0,1.0,6.0,1.0,1.0,0.0,32.66,38.78,42.26,61.0,22.935,8.925,15.93,2096.72,45.0,10.0,2.0,9.0,4.0,7.0,1.0,149.08,28.5,31.0,35.0,58.0,-10.61,6.0,3638.74,19.884,72.34,0.0,33.0,1201.09,21.32,146.37,9.0,0.0,1394.58,38.78,80.23,1.0,2.0,1043.07,19.74,47.5,-100.5,1.5064,2.095646516516503,-0.5892465165165028,-1.575132154358773,True
United States,South Dakota,Oats,2002,spring,183.0,288.76,1.578,131.0,148.0,11.0,8.0,0.0,8.0,1.0,1.0,0.0,29.77,30.6,43.23,52.0,26.752,12.068,19.41,2663.215,73.0,34.0,7.0,19.0,7.0,9.0,5.0,378.77,106.84,48.0,16.0,45.0,-7.36,5.0,3820.57,20.877,54.36,0.0,16.0,1274.98,16.37,100.75,25.0,0.0,1452.3,28.71,133.65,9.0,0.0,1093.29,30.6,44.5,-100.0,1.614,2.3005976619476556,-0.6865976619476555,-2.341662664462104,True
United States,Colorado,Wheat,2002,winter,303.0,156.15,0.515,258.0,288.0,29.0,13.0,6.0,0.0,0.0,0.0,0.0,6.7,9.89,12.8,45.0,10.871,-4.59,3.14,818.565,1.0,0.0,0.0,1.0,0.0,0.0,0.0,0.39,0.0,1.0,220.0,261.0,-25.31,10.0,5092.44,16.807,51.17,0.0,63.0,1416.79,9.53,51.07,0.0,101.0,1273.52,5.14,53.91,0.0,56.0,2402.13,9.89,39.0,-105.5,1.5333,2.288568871728872,-0.7552688717288718,-1.6928447829691415,True
United States,Illinois,Wheat,2002,winter,303.0,998.25,3.295,203.0,222.0,31.0,9.0,2.0,33.0,12.0,9.0,1.0,57.98,88.34,132.15,100.0,14.943,3.799,9.371,1871.73,12.0,0.0,0.0,5.0,0.0,2.0,0.0,8.21,0.0,8.0,114.0,176.0,-20.64,12.0,3953.76,13.049,282.6,0.0,15.0,1174.91,56.18,221.23,0.0,82.0,911.31,68.33,494.42,0.0,17.0,1867.54,88.34,40.0,-89.0,3.2953,3.7840975375375194,-0.4887975375375193,-1.144304121187356,True
United States,Minnesota,Wheat,2002,spring,183.0,674.2,3.684,102.0,124.0,12.0,2.0,0.0,21.0,7.0,5.0,0.0,48.31,66.11,110.07,81.0,21.086,9.656,15.371,1972.83,14.0,0.0,0.0,5.0,0.0,1.0,0.0,17.64,0.0,8.0,28.0,53.0,-9.12,5.0,3418.44,18.68,127.87,0.0,28.0,1133.76,32.64,295.49,0.0,0.0,1283.16,66.11,250.84,0.0,0.0,1001.52,49.06,46.0,-94.0,2.2865,3.0337430501930527,-0.7472430501930525,-1.6635606871991282,True
United States,Montana,Wheat,2002,spring,183.0,344.03,1.88,117.0,136.0,11.0,5.0,0.0,9.0,1.0,0.0,0.0,24.47,33.62,44.88,66.0,20.126,5.781,12.954,1584.77,23.0,5.0,0.0,4.0,4.0,4.0,1.0,58.34,12.57,14.0,44.0,74.0,-14.88,9.0,3770.11,20.602,87.16,0.0,40.0,1179.62,23.34,136.21,5.0,0.0,1485.4,29.84,120.66,0.0,4.0,1105.09,33.62,47.0,-110.0,1.5535,2.163399146289148,-0.6098991462891479,-1.7096517516394407,True
United States,Nebraska,Wheat,2002,winter,303.0,289.9,0.957,250.0,267.0,48.0,11.0,6.0,4.0,1.0,1.0,0.0,30.24,38.4,46.87,53.0,15.277,2.107,8.692,1842.525,32.0,17.0,0.0,10.0,10.0,5.0,1.0,145.9,26.01,23.0,142.0,192.0,-20.7,10.0,4548.34,15.011,133.34,2.0,27.0,1268.81,38.4,26.61,0.0,98.0,1012.34,11.59,129.95,15.0,17.0,2267.19,21.21,41.5,-99.8,2.2193,2.659434118404114,-0.4401341184041141,-1.1726945429556503,True
United States,North Dakota,Wheat,2002,spring,183.0,298.94,1.634,122.0,141.0,22.0,5.0,1.0,6.0,1.0,1.0,0.0,32.66,38.78,42.26,61.0,22.935,8.925,15.93,2096.72,45.0,10.0,2.0,9.0,4.0,7.0,1.0,149.08,28.5,31.0,35.0,58.0,-10.61,6.0,3638.74,19.884,72.34,0.0,33.0,1201.09,21.32,146.37,9.0,0.0,1394.58,38.78,80.23,1.0,2.0,1043.07,19.74,47.5,-100.5,1.836,2.3639458773058664,-0.5279458773058663,-1.4549227039893555,True
United States,South Dakota,Wheat,2002,spring,183.0,288.76,1.578,131.0,148.0,11.0,8.0,0.0,8.0,1.0,1.0,0.0,29.77,30.6,43.23,52.0,26.752,12.068,19.41,2663.215,73.0,34.0,7.0,19.0,7.0,9.0,5.0,378.77,106.84,48.0,16.0,45.0,-7.36,5.0,3820.57,20.877,54.36,0.0,16.0,1274.98,16.37,100.75,25.0,0.0,1452.3,28.71,133.65,9.0,0.0,1093.29,30.6,44.5,-100.0,1.7754,2.548265478335466,-0.772865478335466,-2.06781521256112,True
United States,Montana,Barley,2003,spring,183.0,277.36,1.516,123.0,138.0,18.0,7.0,3.0,5.0,0.0,0.0,0.0,13.37,26.32,40.87,60.0,21.531,7.622,14.577,1822.655,35.0,10.0,0.0,11.0,2.0,3.0,0.0,118.42,8.35,30.0,28.0,68.0,-5.71,7.0,3821.12,20.88,143.64,0.0,25.0,1173.0,26.32,82.29,6.0,0.0,1542.93,18.4,51.43,4.0,3.0,1105.19,20.13,47.0,-110.0,2.152,2.657026615186613,-0.5050266151866127,-1.4167924908099077,True
United States,Washington,Barley,2003,spring,183.0,122.49,0.669,142.0,167.0,45.0,6.0,2.0,1.0,0.0,0.0,0.0,12.08,18.01,21.43,41.0,19.662,6.38,13.021,1530.07,13.0,0.0,0.0,5.0,0.0,1.0,0.0,16.19,0.0,13.0,28.0,67.0,-5.72,5.0,3817.29,20.86,86.44,0.0,28.0,1011.52,18.01,15.14,0.0,0.0,1625.34,4.45,20.91,0.0,0.0,1180.43,6.35,47.4,-120.7,2.5286,3.3467064092664085,-0.8181064092664085,-1.341297087523728,True
United States,Montana,Canola,2003,spring,183.0,277.36,1.516,123.0,138.0,18.0,7.0,3.0,5.0,0.0,0.0,0.0,13.37,26.32,40.87,60.0,21.531,7.622,14.577,1822.655,35.0,10.0,0.0,11.0,2.0,3.0,0.0,118.42,8.35,30.0,28.0,68.0,-5.71,7.0,3821.12,20.88,143.64,0.0,25.0,1173.0,26.32,82.29,6.0,0.0,1542.93,18.4,51.43,4.0,3.0,1105.19,20.13,47.0,-110.0,1.0536,1.4012006715506766,-0.34760067155067653,-1.0519893547859902,True
United States,Washington,Oats,2003,spring,183.0,122.49,0.669,142.0,167.0,45.0,6.0,2.0,1.0,0.0,0.0,0.0,12.08,18.01,21.43,41.0,19.662,6.38,13.021,1530.07,13.0,0.0,0.0,5.0,0.0,1.0,0.0,16.19,0.0,13.0,28.0,67.0,-5.72,5.0,3817.29,20.86,86.44,0.0,28.0,1011.52,18.01,15.14,0.0,0.0,1625.34,4.45,20.91,0.0,0.0,1180.43,6.35,47.4,-120.7,1.7934,2.4512663546798024,-0.6578663546798023,-1.4895947271048993,True
United States,Kansas,Barley,2004,spring,183.0,559.96,3.06,114.0,123.0,11.0,6.0,0.0,19.0,4.0,2.0,1.0,51.2,68.02,87.07,69.0,28.041,14.797,21.419,3005.425,75.0,16.0,0.0,13.0,4.0,13.0,3.0,249.19,28.16,54.0,2.0,16.0,-1.17,0.0,4016.83,21.95,119.03,2.0,2.0,1313.57,20.56,307.48,9.0,0.0,1408.58,68.02,133.45,5.0,0.0,1294.68,39.81,38.5,-98.0,1.5064,2.216517285984761,-0.7101172859847609,-1.2299711919891565,True
United States,Colorado,Oats,2004,spring,183.0,322.21,1.761,112.0,129.0,20.0,7.0,2.0,3.0,0.0,0.0,0.0,16.28,26.36,42.59,71.0,19.167,3.051,11.109,1221.05,0.0,0.0,0.0,0.0,0.0,0.0,0.0,0.0,0.0,0.0,45.0,103.0,-10.38,4.0,3882.13,21.214,103.73,0.0,41.0,1313.44,25.63,137.75,0.0,0.0,1369.43,26.36,80.73,0.0,4.0,1199.26,22.96,39.0,-105.5,1.9727,2.278193103448288,-0.3054931034482882,-1.1428887002730528,True
United States,Colorado,Wheat,2004,winter,304.0,294.09,0.967,235.0,258.0,28.0,12.0,7.0,1.0,0.0,0.0,0.0,13.5,25.63,35.73,69.0,10.32,-4.578,2.871,721.025,0.0,0.0,0.0,0.0,0.0,0.0,0.0,0.0,0.0,0.0,212.0,281.0,-24.09,9.0,4878.14,16.047,59.67,0.0,60.0,1426.4,11.62,64.31,0.0,101.0,1239.44,8.05,170.11,0.0,51.0,2212.3,25.63,39.0,-105.5,1.8427,2.3067145345345335,-0.46401453453453345,-1.0400330444051742,True
United States,Minnesota,Barley,2005,spring,183.0,392.1,2.143,116.0,137.0,8.0,3.0,0.0,12.0,4.0,1.0,0.0,25.81,27.38,49.0,67.0,23.496,11.215,17.355,2284.105,27.0,5.0,0.0,9.0,2.0,4.0,0.0,95.41,6.06,22.0,16.0,36.0,-4.4,4.0,3361.92,18.371,115.06,0.0,16.0,1012.42,26.04,161.95,2.0,0.0,1321.52,27.38,115.09,3.0,0.0,1027.98,25.99,46.0,-94.0,2.3134,3.22628942513942,-0.91288942513942,-1.7762809829034452,True
United States,Minnesota,Canola,2005,spring,183.0,392.1,2.143,116.0,137.0,8.0,3.0,0.0,12.0,4.0,1.0,0.0,25.81,27.38,49.0,67.0,23.496,11.215,17.355,2284.105,27.0,5.0,0.0,9.0,2.0,4.0,0.0,95.41,6.06,22.0,16.0,36.0,-4.4,4.0,3361.92,18.371,115.06,0.0,16.0,1012.42,26.04,161.95,2.0,0.0,1321.52,27.38,115.09,3.0,0.0,1027.98,25.99,46.0,-94.0,0.9191,1.612920098522153,-0.693820098522153,-2.299497353165133,True
United States,Colorado,Wheat,2005,winter,303.0,286.15,0.944,225.0,260.0,17.0,9.0,5.0,2.0,0.0,0.0,0.0,12.24,18.51,23.58,78.0,9.568,-4.321,2.624,622.23,0.0,0.0,0.0,0.0,0.0,0.0,0.0,0.0,0.0,0.0,226.0,272.0,-22.91,7.0,4834.02,15.954,93.45,0.0,66.0,1344.45,11.85,70.63,0.0,101.0,1214.22,11.66,122.07,0.0,59.0,2275.35,18.51,39.0,-105.5,1.6409,2.315787365937366,-0.674887365937366,-1.5126792580549857,True
United States,Kansas,Barley,2006,spring,183.0,507.03,2.771,116.0,128.0,15.0,4.0,1.0,13.0,4.0,3.0,0.0,31.04,60.52,88.37,67.0,29.81,15.981,22.896,3274.965,93.0,42.0,8.0,24.0,9.0,11.0,5.0,465.74,134.46,57.0,0.0,8.0,0.68,0.0,4085.95,22.328,149.25,3.0,0.0,1328.63,28.19,138.72,29.0,0.0,1562.03,30.86,219.06,10.0,0.0,1195.29,60.52,38.5,-98.0,1.4526,2.2455274300742367,-0.7929274300742368,-1.3734039652010908,True
United States,North Dakota,Barley,2006,spring,183.0,284.61,1.555,135.0,149.0,21.0,5.0,3.0,10.0,1.0,1.0,0.0,26.48,27.78,39.24,48.0,24.435,10.443,17.439,2284.68,45.0,10.0,0.0,10.0,3.0,5.0,1.0,139.3,19.22,33.0,15.0,36.0,-6.31,5.0,3758.45,20.538,77.15,0.0,14.0,1204.65,23.65,97.97,9.0,0.0,1487.56,17.98,109.49,1.0,1.0,1066.24,27.78,47.5,-100.5,2.6362,3.140758996138999,-0.5045589961389987,-1.4095111877814719,True
United States,Nebraska,Oats,2006,spring,183.0,340.38,1.86,130.0,144.0,23.0,6.0,1.0,8.0,3.0,2.0,0.0,32.35,42.15,43.4,53.0,27.642,13.127,20.385,2816.575,74.0,28.0,2.0,26.0,7.0,8.0,4.0,314.61,73.0,50.0,5.0,24.0,-2.81,2.0,4024.6,21.992,49.44,2.0,5.0,1352.58,15.83,141.71,22.0,0.0,1551.31,38.16,149.23,4.0,0.0,1120.71,42.15,41.5,-99.8,1.614,2.140521548691547,-0.5265215486915469,-1.4975268004603988,True
United States,North Dakota,Oats,2006,spring,183.0,284.61,1.555,135.0,149.0,21.0,5.0,3.0,10.0,1.0,1.0,0.0,26.48,27.78,39.24,48.0,24.435,10.443,17.439,2284.68,45.0,10.0,0.0,10.0,3.0,5.0,1.0,139.3,19.22,33.0,15.0,36.0,-6.31,5.0,3758.45,20.538,77.15,0.0,14.0,1204.65,23.65,97.97,9.0,0.0,1487.56,17.98,109.49,1.0,1.0,1066.24,27.78,47.5,-100.5,1.4706,2.19897228228227,-0.72837228228227,-1.9470333213829984,True
United States,Oklahoma,Oats,2006,spring,183.0,427.13,2.334,129.0,141.0,21.0,7.0,2.0,13.0,6.0,6.0,0.0,31.19,59.91,76.98,54.0,32.201,18.719,25.46,3744.215,117.0,61.0,9.0,55.0,10.0,8.0,7.0,664.96,194.38,88.0,0.0,1.0,3.33,0.0,4306.41,23.532,156.82,8.0,0.0,1397.5,59.91,122.28,36.0,0.0,1624.21,41.03,148.03,17.0,0.0,1284.7,38.49,35.5,-97.5,1.076,1.4158574942704352,-0.3398574942704351,-1.4717722659085992,True
United States,South Dakota,Oats,2006,spring,183.0,289.23,1.58,123.0,144.0,12.0,5.0,0.0,8.0,0.0,0.0,0.0,15.4,37.83,45.07,60.0,27.462,13.227,20.345,2808.065,80.0,34.0,5.0,22.0,9.0,8.0,3.0,382.57,111.21,54.0,4.0,23.0,-2.94,1.0,3838.42,20.975,55.51,2.0,4.0,1267.54,12.67,60.39,24.0,0.0,1506.83,10.77,173.33,8.0,0.0,1064.05,37.83,44.5,-100.0,2.0444,2.425140776490764,-0.380740776490764,-1.2985282510541138,True
United States,Texas,Oats,2006,spring,183.0,333.89,1.825,143.0,150.0,20.0,7.0,5.0,11.0,4.0,4.0,0.0,29.69,56.42,78.41,40.0,33.252,19.868,26.56,3945.49,140.0,67.0,1.0,68.0,14.0,8.0,11.0,696.72,165.5,117.0,0.0,0.0,8.81,0.0,4376.54,23.916,166.49,6.0,0.0,1467.8,56.42,88.48,34.0,0.0,1587.82,41.05,78.92,27.0,0.0,1320.92,22.73,31.0,-99.0,1.3271,1.6211435735735709,-0.2940435735735709,-1.6116823357651577,True
United States,Colorado,Wheat,2006,winter,303.0,233.64,0.771,240.0,276.0,20.0,14.0,1.0,2.0,0.0,0.0,0.0,16.55,30.14,31.83,63.0,10.325,-4.71,2.807,812.72,0.0,0.0,0.0,0.0,0.0,0.0,0.0,0.0,0.0,0.0,218.0,260.0,-26.99,7.0,4964.84,16.386,104.34,0.0,66.0,1399.92,30.14,65.74,0.0,101.0,1194.76,9.11,63.56,0.0,51.0,2370.16,8.43,39.0,-105.5,1.4526,2.324860197340195,-0.8722601973401951,-1.95506683742827,True
United States,Kansas,Wheat,2006,winter,303.0,394.2,1.301,244.0,257.0,50.0,12.0,5.0,10.0,3.0,2.0,0.0,26.33,30.86,53.76,59.0,19.206,5.83,12.518,2644.775,60.0,14.0,0.0,12.0,3.0,10.0,1.0,213.18,23.04,45.0,94.0,157.0,-15.23,11.0,4757.89,15.703,104.66,1.0,21.0,1356.82,22.19,45.13,0.0,67.0,1111.12,29.62,244.41,13.0,6.0,2289.95,30.86,38.5,-98.0,2.152,2.6669951222651207,-0.5149951222651206,-1.126888736048148,True
United States,North Dakota,Wheat,2006,spring,183.0,284.61,1.555,135.0,149.0,21.0,5.0,3.0,10.0,1.0,1.0,0.0,26.48,27.78,39.24,48.0,24.435,10.443,17.439,2284.68,45.0,10.0,0.0,10.0,3.0,5.0,1.0,139.3,19.22,33.0,15.0,36.0,-6.31,5.0,3758.45,20.538,77.15,0.0,14.0,1204.65,23.65,97.97,9.0,0.0,1487.56,17.98,109.49,1.0,1.0,1066.24,27.78,47.5,-100.5,2.0377,2.5244801887601795,-0.4867801887601795,-1.3414775622333281,True
United States,Oklahoma,Wheat,2006,winter,303.0,414.29,1.367,256.0,268.0,46.0,14.0,7.0,14.0,5.0,5.0,0.0,34.95,59.91,76.98,47.0,22.281,8.824,15.553,3347.295,79.0,24.0,0.0,15.0,9.0,9.0,3.0,318.58,41.94,69.0,57.0,113.0,-13.24,8.0,5165.91,17.049,114.67,1.0,16.0,1554.22,50.46,69.67,0.0,37.0,1225.18,46.95,229.95,23.0,4.0,2386.51,59.91,35.5,-97.5,1.614,2.07081233376233,-0.45681233376232977,-1.1263918557509331,True
United States,South Dakota,Wheat,2006,spring,183.0,289.23,1.58,123.0,144.0,12.0,5.0,0.0,8.0,0.0,0.0,0.0,15.4,37.83,45.07,60.0,27.462,13.227,20.345,2808.065,80.0,34.0,5.0,22.0,9.0,8.0,3.0,382.57,111.21,54.0,4.0,23.0,-2.94,1.0,3838.42,20.975,55.51,2.0,4.0,1267.54,12.67,60.39,24.0,0.0,1506.83,10.77,173.33,8.0,0.0,1064.05,37.83,44.5,-100.0,2.1924,2.6963431102531104,-0.5039431102531102,-1.3483086757750555,True
United States,Texas,Wheat,2006,winter,303.0,436.51,1.441,246.0,261.0,38.0,14.0,6.0,15.0,6.0,4.0,0.0,29.69,56.42,78.41,57.0,26.206,11.913,19.06,4289.485,104.0,38.0,3.0,19.0,14.0,10.0,3.0,446.41,84.76,90.0,16.0,71.0,-7.65,3.0,5424.88,17.904,67.68,18.0,7.0,1643.08,15.75,104.58,0.0,8.0,1332.81,34.6,264.25,20.0,1.0,2448.99,56.42,31.0,-99.0,1.614,2.074245555555553,-0.4602455555555529,-1.989053487873677,True
United States,North Dakota,Canola,2007,spring,183.0,467.88,2.557,127.0,142.0,11.0,6.0,0.0,13.0,8.0,3.0,0.0,41.78,59.44,91.3,56.0,22.854,9.457,16.156,2146.215,30.0,6.0,1.0,6.0,3.0,4.0,1.0,92.29,18.32,25.0,16.0,41.0,-14.23,1.0,3677.03,20.093,231.98,0.0,16.0,1159.21,59.44,142.87,6.0,0.0,1468.6,41.72,93.03,0.0,0.0,1049.22,29.71,47.5,-100.5,1.3786,1.7255859663865607,-0.34698596638656065,-1.8072608500451437,True
United States,Colorado,Oats,2007,spring,183.0,332.82,1.819,103.0,128.0,13.0,3.0,0.0,3.0,0.0,0.0,0.0,16.57,24.07,40.22,80.0,19.898,3.938,11.918,1369.22,1.0,0.0,0.0,1.0,0.0,0.0,0.0,0.47,0.0,1.0,49.0,94.0,-12.18,6.0,3876.76,21.184,115.94,0.0,42.0,1231.03,24.07,105.83,0.0,3.0,1442.18,21.61,111.05,0.0,4.0,1203.55,22.08,39.0,-105.5,1.9727,2.3164122167487804,-0.3437122167487805,-1.2858712823102347,True
United States,Illinois,Oats,2007,spring,183.0,429.14,2.345,123.0,141.0,15.0,7.0,1.0,11.0,3.0,3.0,0.0,31.9,57.13,73.5,60.0,26.219,14.325,20.272,2833.11,47.0,7.0,0.0,17.0,2.0,6.0,0.0,132.94,8.37,37.0,13.0,18.0,-6.56,2.0,3733.58,20.402,148.58,0.0,13.0,1150.58,41.16,178.27,0.0,0.0,1414.73,57.13,102.29,7.0,0.0,1168.27,24.64,40.0,-89.0,2.2238,2.59559328614327,-0.3717932861432698,-1.1982780583807555,True
United States,Oklahoma,Oats,2007,spring,183.0,989.77,5.409,102.0,115.0,15.0,5.0,1.0,32.0,15.0,14.0,2.0,68.24,136.46,143.97,81.0,26.897,17.358,22.127,3138.525,44.0,2.0,0.0,15.0,2.0,5.0,0.0,77.43,1.11,38.0,4.0,12.0,-2.44,1.0,3639.3,19.887,310.11,0.0,4.0,1093.57,102.17,464.58,0.0,0.0,1298.59,84.04,215.08,2.0,0.0,1247.14,136.46,35.5,-97.5,1.1119,1.4218895645530942,-0.3099895645530941,-1.3424274924692048,True
United States,Texas,Oats,2007,spring,183.0,785.57,4.293,105.0,115.0,15.0,4.0,1.0,27.0,11.0,6.0,1.0,57.42,106.44,135.64,78.0,28.286,18.706,23.496,3387.35,66.0,0.0,0.0,13.0,0.0,7.0,0.0,87.27,0.0,54.0,1.0,4.0,-0.94,0.0,3694.77,20.19,264.92,0.0,1.0,1137.25,89.29,390.59,0.0,0.0,1283.35,106.44,130.06,0.0,0.0,1274.17,51.25,31.0,-99.0,1.4347,1.6283626726726688,-0.19366267267266868,-1.0614845441113354,True
United States,Washington,Oats,2007,spring,183.0,153.37,0.838,142.0,160.0,38.0,4.0,2.0,2.0,0.0,0.0,0.0,12.86,18.49,18.9,41.0,18.516,5.575,12.045,1353.21,6.0,0.0,0.0,5.0,0.0,1.0,0.0,7.25,0.0,5.0,28.0,84.0,-6.74,5.0,3761.03,20.552,68.87,0.0,27.0,1206.27,18.49,51.24,0.0,0.0,1420.65,11.3,33.26,0.0,1.0,1134.11,16.5,47.4,-120.7,1.7934,2.402076798029558,-0.608676798029558,-1.3782157157090438,True
United States,Illinois,Wheat,2007,winter,303.0,789.87,2.607,210.0,229.0,16.0,10.0,2.0,28.0,7.0,5.0,0.0,39.25,81.3,81.43,93.0,14.284,3.429,8.856,1999.745,10.0,0.0,0.0,4.0,0.0,2.0,0.0,11.76,0.0,9.0,125.0,161.0,-25.92,16.0,3864.22,12.753,267.7,0.0,33.0,1068.54,81.3,213.87,0.0,79.0,873.64,44.39,308.3,0.0,13.0,1922.04,57.13,40.0,-89.0,3.6988,4.139612402402378,-0.44081240240237785,-1.0319680644889118,True
United States,Kansas,Wheat,2007,winter,303.0,784.41,2.589,218.0,242.0,33.0,10.0,3.0,23.0,9.0,8.0,1.0,71.32,96.41,113.28,85.0,16.365,4.6,10.483,2187.04,8.0,1.0,0.0,3.0,1.0,2.0,0.0,19.17,0.44,6.0,110.0,156.0,-17.78,13.0,4335.85,14.31,105.26,1.0,28.0,1318.79,25.11,156.23,0.0,74.0,1081.27,36.69,522.92,0.0,8.0,1935.79,96.41,38.5,-98.0,2.2193,2.6848428185328217,-0.46554281853282165,-1.0186794702934505,True
United States,North Dakota,Oats,2008,spring,183.0,397.81,2.174,120.0,140.0,14.0,5.0,1.0,13.0,2.0,1.0,0.0,48.1,54.36,75.62,63.0,21.937,8.585,15.261,1919.965,23.0,0.0,0.0,5.0,0.0,1.0,0.0,40.82,0.0,16.0,26.0,52.0,-5.02,5.0,3736.33,20.417,73.15,0.0,26.0,1206.69,20.51,206.38,0.0,0.0,1436.09,54.36,118.28,0.0,0.0,1093.55,22.53,47.5,-100.5,1.8292,2.250635165165157,-0.4214351651651571,-1.126550706745753,True
United States,Illinois,Oats,2009,spring,183.0,733.35,4.007,105.0,119.0,13.0,5.0,0.0,28.0,8.0,5.0,0.0,32.25,75.04,85.95,78.0,23.258,12.998,18.128,2407.81,10.0,0.0,0.0,7.0,0.0,1.0,0.0,9.51,0.0,7.0,8.0,22.0,-3.27,2.0,3447.39,18.838,303.22,0.0,8.0,1122.82,75.04,258.37,0.0,0.0,1269.61,51.6,171.76,0.0,0.0,1054.96,35.55,40.0,-89.0,2.3314,2.642631252681241,-0.3112312526812411,-1.0030885308310156,True
United States,Illinois,Wheat,2009,winter,303.0,1073.24,3.542,200.0,223.0,13.0,12.0,0.0,36.0,15.0,9.0,2.0,89.45,136.1,156.83,103.0,13.233,2.727,7.98,1849.06,10.0,0.0,0.0,7.0,0.0,1.0,0.0,9.13,0.0,7.0,131.0,171.0,-23.36,10.0,3914.54,12.919,355.43,0.0,32.0,1108.77,136.1,214.05,0.0,88.0,936.49,35.34,503.76,0.0,11.0,1869.28,75.04,40.0,-89.0,3.7661,4.281818348348338,-0.5157183483483383,-1.2073273412136243,True
United States,Oklahoma,Wheat,2009,winter,303.0,525.78,1.735,231.0,248.0,29.0,9.0,4.0,17.0,2.0,2.0,0.0,38.28,56.86,86.66,72.0,19.96,7.149,13.554,2839.635,37.0,12.0,0.0,17.0,8.0,2.0,1.0,131.05,28.73,26.0,84.0,133.0,-12.49,16.0,4854.61,16.022,137.47,0.0,15.0,1485.83,25.9,70.83,0.0,65.0,1266.32,29.56,317.48,12.0,4.0,2102.46,56.86,35.5,-97.5,1.4795,2.1043432217932185,-0.6248432217932185,-1.5407165352834753,True
United States,Texas,Wheat,2009,winter,303.0,461.27,1.522,252.0,261.0,27.0,11.0,7.0,15.0,4.0,4.0,1.0,59.57,83.11,94.73,51.0,25.312,10.984,18.148,4002.96,83.0,22.0,3.0,26.0,18.0,7.0,1.0,303.78,56.46,70.0,23.0,87.0,-5.54,7.0,5343.25,17.634,93.01,2.0,4.0,1666.41,34.64,127.01,0.0,19.0,1415.85,83.11,241.25,20.0,0.0,2260.99,61.83,31.0,-99.0,1.6813,2.091565555555553,-0.4102655555555528,-1.7730538065645824,True
United States,Illinois,Oats,2010,spring,183.0,791.89,4.327,103.0,117.0,13.0,3.0,0.0,28.0,12.0,8.0,0.0,47.21,69.53,99.83,80.0,25.68,15.315,20.498,2836.1,23.0,0.0,0.0,6.0,0.0,2.0,0.0,27.03,0.0,8.0,0.0,11.0,1.23,0.0,3749.09,20.487,219.98,0.0,0.0,1190.82,40.64,358.27,0.0,0.0,1372.66,69.53,213.64,0.0,0.0,1185.61,67.66,40.0,-89.0,2.3314,2.6661502359502194,-0.33475023595021947,-1.0788894736048473,True
United States,Iowa,Oats,2010,spring,183.0,1002.74,5.479,93.0,105.0,7.0,1.0,0.0,35.0,14.0,9.0,0.0,47.22,120.99,133.84,90.0,24.395,13.616,19.006,2563.01,16.0,0.0,0.0,6.0,0.0,1.0,0.0,17.36,0.0,3.0,1.0,15.0,-0.49,0.0,3670.63,20.058,191.45,0.0,1.0,1187.04,53.13,477.14,0.0,0.0,1358.37,72.93,334.15,0.0,0.0,1125.22,120.99,42.0,-93.5,2.2238,2.5357452166452106,-0.31194521664521035,-1.048523080755503,True
United States,Oklahoma,Oats,2010,spring,183.0,578.57,3.162,122.0,130.0,17.0,6.0,1.0,18.0,6.0,3.0,1.0,63.24,91.88,97.01,61.0,30.47,18.877,24.674,3600.27,111.0,38.0,7.0,45.0,10.0,8.0,6.0,456.4,99.02,80.0,0.0,5.0,1.85,0.0,4082.17,22.307,191.47,0.0,0.0,1265.72,44.56,255.52,15.0,0.0,1481.79,91.88,131.58,23.0,0.0,1334.66,53.79,35.5,-97.5,1.1836,1.4399857754010696,-0.25638577540106966,-1.1102932257498,True
United States,Illinois,Wheat,2010,winter,303.0,1116.55,3.685,182.0,207.0,13.0,6.0,0.0,42.0,16.0,10.0,0.0,46.06,70.25,99.83,121.0,13.318,3.801,8.56,1918.325,6.0,0.0,0.0,2.0,0.0,0.0,0.0,2.78,0.0,1.0,109.0,168.0,-20.36,7.0,3868.15,12.766,434.1,0.0,20.0,1009.3,70.25,199.46,0.0,83.0,830.78,59.88,482.99,0.0,6.0,2028.07,66.98,40.0,-89.0,3.8333,4.352921321321304,-0.5196213213213041,-1.2164644331890617,True
United States,Kansas,Barley,2011,spring,183.0,352.86,1.928,132.0,146.0,15.0,8.0,1.0,12.0,3.0,2.0,0.0,30.89,44.61,80.2,51.0,31.122,16.43,23.776,3436.635,106.0,69.0,30.0,49.0,25.0,7.0,9.0,745.34,311.56,75.0,1.0,10.0,-1.12,0.0,4070.36,22.242,133.89,4.0,1.0,1242.86,44.61,96.92,43.0,0.0,1569.55,20.9,122.05,22.0,0.0,1257.95,39.15,38.5,-98.0,1.5602,2.3180527902979335,-0.7578527902979335,-1.3126523156557284,True
United States,Minnesota,Barley,2011,spring,183.0,585.2,3.198,108.0,125.0,14.0,2.0,1.0,22.0,4.0,1.0,0.0,26.54,56.37,63.59,75.0,20.677,9.882,15.279,1926.935,8.0,0.0,0.0,2.0,0.0,0.0,0.0,8.57,0.0,3.0,21.0,50.0,-3.91,4.0,3330.4,18.199,210.56,0.0,21.0,1023.62,56.37,247.08,0.0,0.0,1279.2,32.23,127.56,0.0,0.0,1027.58,31.18,46.0,-94.0,2.7438,3.356041471471464,-0.6122414714714641,-1.1912865378558797,True
United States,North Dakota,Barley,2011,spring,183.0,513.23,2.805,103.0,121.0,14.0,3.0,1.0,14.0,6.0,1.0,0.0,29.08,54.41,64.96,80.0,20.93,8.794,14.862,1869.645,12.0,0.0,0.0,2.0,0.0,0.0,0.0,19.97,0.0,6.0,20.0,54.0,-7.17,3.0,3530.48,19.292,161.97,0.0,20.0,1041.49,36.49,232.6,0.0,0.0,1357.62,54.41,118.66,0.0,0.0,1131.37,35.29,47.5,-100.5,2.5286,3.31214567567568,-0.78354567567568,-2.1888746498504865,True
United States,South Dakota,Barley,2011,spring,183.0,543.68,2.971,111.0,125.0,13.0,4.0,0.0,15.0,5.0,4.0,1.0,59.9,109.72,125.77,72.0,24.006,11.161,17.583,2337.545,47.0,12.0,1.0,14.0,4.0,6.0,2.0,155.91,23.29,31.0,15.0,42.0,-9.23,3.0,3745.19,20.466,182.65,0.0,15.0,1079.61,39.93,277.1,8.0,0.0,1438.86,109.72,83.93,4.0,0.0,1226.72,19.5,44.5,-100.0,1.7754,2.4609163282927105,-0.6855163282927104,-1.4515358091155612,True
United States,Kansas,Oats,2011,spring,183.0,352.86,1.928,132.0,146.0,15.0,8.0,1.0,12.0,3.0,2.0,0.0,30.89,44.61,80.2,51.0,31.122,16.43,23.776,3436.635,106.0,69.0,30.0,49.0,25.0,7.0,9.0,745.34,311.56,75.0,1.0,10.0,-1.12,0.0,4070.36,22.242,133.89,4.0,1.0,1242.86,44.61,96.92,43.0,0.0,1569.55,20.9,122.05,22.0,0.0,1257.95,39.15,38.5,-98.0,1.363,1.866915285285284,-0.503915285285284,-1.7012833016757165,True
United States,Minnesota,Oats,2011,spring,183.0,585.2,3.198,108.0,125.0,14.0,2.0,1.0,22.0,4.0,1.0,0.0,26.54,56.37,63.59,75.0,20.677,9.882,15.279,1926.935,8.0,0.0,0.0,2.0,0.0,0.0,0.0,8.57,0.0,3.0,21.0,50.0,-3.91,4.0,3330.4,18.199,210.56,0.0,21.0,1023.62,56.37,247.08,0.0,0.0,1279.2,32.23,127.56,0.0,0.0,1027.58,31.18,46.0,-94.0,1.9368,2.349093813813809,-0.41229381381380903,-1.351699966932948,True
United States,North Dakota,Oats,2011,spring,183.0,513.23,2.805,103.0,121.0,14.0,3.0,1.0,14.0,6.0,1.0,0.0,29.08,54.41,64.96,80.0,20.93,8.794,14.862,1869.645,12.0,0.0,0.0,2.0,0.0,0.0,0.0,19.97,0.0,6.0,20.0,54.0,-7.17,3.0,3530.48,19.292,161.97,0.0,20.0,1041.49,36.49,232.6,0.0,0.0,1357.62,54.41,118.66,0.0,0.0,1131.37,35.29,47.5,-100.5,1.8651,2.328129489489477,-0.4630294894894771,-1.2377377156556795,True
United States,South Dakota,Oats,2011,spring,183.0,543.68,2.971,111.0,125.0,13.0,4.0,0.0,15.0,5.0,4.0,1.0,59.9,109.72,125.77,72.0,24.006,11.161,17.583,2337.545,47.0,12.0,1.0,14.0,4.0,6.0,2.0,155.91,23.29,31.0,15.0,42.0,-9.23,3.0,3745.19,20.466,182.65,0.0,15.0,1079.61,39.93,277.1,8.0,0.0,1438.86,109.72,83.93,4.0,0.0,1226.72,19.5,44.5,-100.0,2.0086,2.5808196696696584,-0.5722196696696584,-1.9515729671075277,True
United States,Texas,Oats,2011,spring,183.0,134.58,0.735,162.0,166.0,34.0,10.0,4.0,2.0,1.0,1.0,0.0,27.4,37.11,37.22,21.0,36.193,20.912,28.553,4310.12,161.0,126.0,39.0,123.0,50.0,6.0,8.0,1202.44,479.41,145.0,0.0,1.0,4.3,0.0,4547.98,24.852,82.38,21.0,0.0,1439.87,37.11,26.27,59.0,0.0,1685.4,21.93,25.93,46.0,0.0,1422.71,8.62,31.0,-99.0,1.2554,1.6572390690690657,-0.40183906906906564,-2.2025202644902793,True
United States,Iowa,Wheat,2011,winter,303.0,624.07,2.06,229.0,245.0,16.0,13.0,5.0,25.0,6.0,3.0,0.0,34.69,58.99,83.45,74.0,11.291,0.615,5.953,1534.63,6.0,0.0,0.0,3.0,0.0,1.0,0.0,10.38,0.0,5.0,151.0,199.0,-24.96,11.0,3816.97,12.597,167.32,0.0,35.0,1152.29,46.74,77.68,0.0,96.0,832.85,11.1,379.07,0.0,20.0,1831.83,58.99,42.0,-93.5,3.0263,3.602810000000005,-0.5765100000000052,-1.1937520433894302,True
United States,North Dakota,Wheat,2011,spring,183.0,513.23,2.805,103.0,121.0,14.0,3.0,1.0,14.0,6.0,1.0,0.0,29.08,54.41,64.96,80.0,20.93,8.794,14.862,1869.645,12.0,0.0,0.0,2.0,0.0,0.0,0.0,19.97,0.0,6.0,20.0,54.0,-7.17,3.0,3530.48,19.292,161.97,0.0,20.0,1041.49,36.49,232.6,0.0,0.0,1357.62,54.41,118.66,0.0,0.0,1131.37,35.29,47.5,-100.5,2.0377,2.725148078078064,-0.6874480780780639,-1.8944817255011241,True
United States,Oklahoma,Wheat,2011,winter,303.0,451.43,1.49,252.0,265.0,39.0,13.0,7.0,13.0,6.0,3.0,0.0,48.37,67.1,91.25,51.0,21.399,7.849,14.624,3209.315,78.0,34.0,9.0,35.0,19.0,7.0,3.0,358.97,113.41,61.0,78.0,130.0,-14.81,11.0,5071.27,16.737,173.78,2.0,12.0,1534.66,53.79,57.87,0.0,66.0,1229.2,17.69,219.78,32.0,0.0,2307.41,67.1,35.5,-97.5,1.5468,2.1266971471471443,-0.5798971471471444,-1.4298900783611201,True
United States,Texas,Wheat,2011,winter,303.0,384.05,1.267,261.0,272.0,50.0,14.0,6.0,7.0,4.0,4.0,1.0,85.75,128.98,147.21,42.0,26.039,11.066,18.552,4184.175,107.0,50.0,8.0,45.0,25.0,9.0,5.0,506.02,141.9,89.0,33.0,85.0,-9.76,6.0,5559.59,18.348,187.44,1.0,2.0,1684.59,128.98,91.11,0.0,31.0,1390.11,36.36,105.5,49.0,0.0,2484.89,37.11,31.0,-99.0,1.6813,2.1031122222222205,-0.4218122222222205,-1.822955293563033,True
United States,South Dakota,Barley,2012,spring,183.0,275.56,1.506,133.0,147.0,26.0,6.0,1.0,5.0,2.0,2.0,0.0,29.4,42.14,56.18,50.0,27.996,13.2,20.598,2855.08,84.0,36.0,7.0,39.0,12.0,8.0,4.0,401.9,102.23,66.0,2.0,24.0,-2.79,1.0,3959.48,21.637,166.14,1.0,2.0,1206.44,42.14,86.98,23.0,0.0,1532.6,18.55,22.44,12.0,0.0,1220.44,9.89,44.5,-100.0,1.883,2.462967825825208,-0.5799678258252081,-1.2280437862316318,True
United States,North Dakota,Canola,2012,spring,183.0,285.57,1.56,127.0,146.0,18.0,6.0,1.0,6.0,1.0,0.0,0.0,20.13,26.87,32.26,56.0,24.029,10.165,17.097,2230.91,38.0,5.0,0.0,8.0,1.0,5.0,0.0,116.54,10.14,28.0,12.0,41.0,-6.09,3.0,3632.15,19.848,117.6,0.0,11.0,1118.28,26.87,120.54,3.0,0.0,1427.05,24.43,47.43,2.0,1.0,1086.82,16.09,47.5,-100.5,1.5468,1.8322704201680722,-0.2854704201680722,-1.48685988539644,True
United States,Kansas,Oats,2012,spring,183.0,314.41,1.718,140.0,149.0,15.0,8.0,1.0,9.0,3.0,3.0,0.0,33.37,55.74,58.58,43.0,31.545,16.842,24.193,3512.41,115.0,53.0,25.0,53.0,21.0,9.0,4.0,664.92,233.73,94.0,0.0,2.0,3.37,0.0,4178.71,22.834,101.56,3.0,0.0,1354.09,29.14,87.8,37.0,0.0,1618.41,50.6,125.05,13.0,0.0,1206.21,55.74,38.5,-98.0,1.1836,1.8742633033033016,-0.6906633033033016,-2.331768809761112,True
United States,Kansas,Oats,2013,spring,183.0,642.76,3.512,116.0,128.0,14.0,6.0,1.0,22.0,8.0,5.0,0.0,43.91,71.91,117.61,67.0,28.043,14.938,21.49,3032.935,79.0,29.0,3.0,14.0,9.0,8.0,5.0,342.5,72.05,55.0,11.0,25.0,-5.41,3.0,3799.13,20.76,179.95,2.0,11.0,1179.49,58.0,255.86,21.0,0.0,1433.25,71.91,206.95,6.0,0.0,1186.39,69.61,38.5,-98.0,1.5064,1.8816113213213193,-0.3752113213213193,-1.2667620415646954,True
United States,Minnesota,Oats,2013,spring,183.0,501.35,2.74,117.0,135.0,19.0,4.0,1.0,17.0,3.0,1.0,0.0,48.32,71.18,78.93,66.0,21.075,9.786,15.43,2031.26,19.0,1.0,0.0,7.0,1.0,3.0,0.0,39.08,0.67,13.0,29.0,42.0,-8.1,4.0,3290.93,17.983,184.7,0.0,29.0,996.02,49.77,201.72,0.0,0.0,1257.42,71.18,114.93,1.0,0.0,1037.49,24.87,46.0,-94.0,2.0444,2.3854125010725014,-0.34101250107250136,-1.1180050997116935,True
United States,Colorado,Wheat,2013,winter,303.0,257.84,0.851,237.0,265.0,27.0,15.0,5.0,3.0,0.0,0.0,0.0,18.89,29.05,36.31,66.0,9.576,-5.329,2.123,696.205,2.0,0.0,0.0,2.0,0.0,0.0,0.0,0.14,0.0,1.0,229.0,271.0,-24.87,5.0,4810.48,15.876,64.0,0.0,66.0,1399.99,25.66,69.64,0.0,101.0,1207.87,9.08,124.2,0.0,62.0,2202.62,29.05,39.0,-105.5,1.7015,2.3883700171600157,-0.6868700171600157,-1.5395369366482632,True
United States,Nebraska,Wheat,2013,winter,303.0,305.69,1.009,257.0,265.0,41.0,12.0,5.0,10.0,2.0,2.0,0.0,29.78,45.94,63.26,46.0,14.318,1.447,7.882,1668.68,24.0,9.0,0.0,5.0,4.0,3.0,1.0,96.99,15.93,19.0,157.0,202.0,-15.64,13.0,4455.23,14.704,13.86,7.0,29.0,1296.41,5.94,47.34,0.0,97.0,1028.81,12.12,244.49,2.0,31.0,2130.01,45.94,41.5,-99.8,2.3538,2.9261158815958765,-0.5723158815958764,-1.5248799925528858,True
United States,Minnesota,Barley,2014,spring,183.0,706.13,3.859,105.0,119.0,8.0,3.0,0.0,23.0,6.0,5.0,0.0,38.62,68.09,84.36,78.0,19.854,9.319,14.587,1824.54,0.0,0.0,0.0,0.0,0.0,0.0,0.0,0.0,0.0,0.0,20.0,53.0,-7.93,4.0,3320.26,18.143,268.66,0.0,20.0,1091.75,52.4,226.35,0.0,0.0,1274.33,44.48,211.12,0.0,0.0,954.18,47.62,46.0,-94.0,2.7976,3.420917494637486,-0.6233174946374858,-1.2128380300456347,True
United States,Oklahoma,Canola,2014,spring,183.0,469.77,2.567,134.0,140.0,12.0,7.0,0.0,14.0,6.0,5.0,0.0,42.6,61.44,84.44,49.0,30.42,17.688,24.054,3486.825,106.0,46.0,0.0,35.0,15.0,10.0,6.0,456.38,90.92,84.0,1.0,6.0,-0.86,0.0,4067.56,22.227,99.01,5.0,1.0,1369.49,25.71,292.87,18.0,0.0,1408.69,61.44,77.89,23.0,0.0,1289.38,41.54,35.5,-97.5,0.6389,1.3567985294117615,-0.7178985294117615,-1.8873287076060092,True
United States,Washington,Canola,2014,spring,183.0,229.56,1.254,127.0,149.0,22.0,6.0,4.0,4.0,0.0,0.0,0.0,18.56,38.49,40.37,56.0,19.594,6.82,13.207,1545.115,16.0,0.0,0.0,8.0,0.0,2.0,0.0,23.85,0.0,16.0,21.0,61.0,-3.24,5.0,3744.19,20.46,94.32,0.0,21.0,1178.0,19.32,53.45,0.0,0.0,1474.81,23.64,81.79,0.0,0.0,1091.38,38.49,47.4,-120.7,1.345,1.8791638095238161,-0.5341638095238161,-1.4558321916063128,True
United States,Iowa,Oats,2014,spring,183.0,784.56,4.287,108.0,123.0,12.0,6.0,0.0,22.0,12.0,10.0,0.0,40.53,68.27,119.09,75.0,23.359,12.068,17.713,2346.96,7.0,0.0,0.0,2.0,0.0,0.0,0.0,4.4,0.0,4.0,10.0,33.0,-7.13,3.0,3394.24,18.548,211.98,0.0,10.0,1099.84,50.37,299.77,0.0,0.0,1271.92,68.27,272.81,0.0,0.0,1022.48,45.3,42.0,-93.5,2.2955,2.6076797854997764,-0.3121797854997763,-1.0493115232284598,True
United States,Texas,Oats,2014,spring,183.0,426.96,2.333,136.0,146.0,16.0,9.0,1.0,13.0,4.0,4.0,0.0,40.53,87.44,98.69,47.0,32.244,19.151,25.697,3787.635,141.0,55.0,1.0,50.0,17.0,10.0,6.0,601.4,110.18,111.0,0.0,3.0,0.93,0.0,4068.23,22.231,187.52,2.0,0.0,1352.55,87.44,127.79,22.0,0.0,1453.46,35.96,111.65,31.0,0.0,1262.22,51.05,31.0,-99.0,1.363,1.678896366366363,-0.315896366366363,-1.73145968611921,True
United States,Kansas,Wheat,2014,winter,303.0,471.27,1.555,245.0,257.0,31.0,14.0,5.0,16.0,3.0,1.0,1.0,55.01,61.12,102.81,58.0,16.387,3.507,9.947,2240.0,45.0,7.0,0.0,9.0,3.0,5.0,1.0,126.98,12.18,33.0,130.0,179.0,-20.28,10.0,4633.02,15.29,122.55,3.0,26.0,1378.81,21.07,32.94,0.0,93.0,1105.28,7.41,315.78,4.0,11.0,2148.93,61.12,38.5,-98.0,1.883,2.809776692406693,-0.9267766924066931,-2.0279303052649413,True
United States,Oklahoma,Wheat,2014,winter,303.0,512.51,1.691,240.0,244.0,40.0,12.0,3.0,17.0,6.0,3.0,0.0,35.6,61.44,84.44,63.0,19.2,6.59,12.895,2828.895,54.0,13.0,0.0,13.0,5.0,8.0,2.0,178.68,15.45,41.0,97.0,143.0,-13.36,14.0,4884.45,16.12,175.94,6.0,19.0,1401.61,35.96,63.75,0.0,74.0,1217.96,22.66,272.82,7.0,4.0,2264.88,61.44,35.5,-97.5,1.1433,2.160228035178033,-1.016928035178033,-2.507505537942183,True
United States,Washington,Wheat,2014,winter,303.0,795.23,2.625,166.0,200.0,18.0,8.0,3.0,22.0,3.0,1.0,0.0,29.83,51.02,86.6,137.0,8.559,-1.073,3.743,752.17,0.0,0.0,0.0,0.0,0.0,0.0,0.0,0.0,0.0,0.0,176.0,249.0,-21.48,9.0,3539.58,11.682,259.51,0.0,45.0,934.83,51.02,394.11,0.0,100.0,599.49,47.08,141.61,0.0,31.0,2005.26,19.32,47.4,-120.7,3.2415,4.097915722865716,-0.8564157228657163,-1.6362586101406478,True
United States,South Dakota,Barley,2015,spring,183.0,450.61,2.462,120.0,138.0,12.0,8.0,0.0,11.0,3.0,3.0,0.0,46.42,52.32,74.05,63.0,25.775,12.264,19.019,2570.14,54.0,14.0,1.0,11.0,3.0,7.0,1.0,198.81,25.64,41.0,10.0,29.0,-4.81,2.0,3744.64,20.463,163.66,0.0,10.0,1154.47,52.32,169.79,5.0,0.0,1481.63,33.91,117.16,9.0,0.0,1108.54,48.68,44.5,-100.0,1.9906,2.4691223184226994,-0.47852231842269943,-1.0132395859649919,True
United States,Washington,Barley,2015,spring,183.0,110.18,0.602,149.0,167.0,26.0,7.0,3.0,1.0,0.0,0.0,0.0,11.04,18.96,23.59,34.0,20.71,7.161,13.936,1673.77,20.0,0.0,0.0,6.0,0.0,3.0,0.0,37.8,0.0,20.0,25.0,55.0,-4.58,4.0,3853.55,21.058,61.74,0.0,24.0,1188.76,18.96,14.79,0.0,0.0,1593.79,5.78,33.65,0.0,1.0,1071.0,10.3,47.4,-120.7,2.5824,3.4447559845559805,-0.8623559845559807,-1.4138448952267448,True
United States,Washington,Canola,2015,spring,183.0,110.18,0.602,149.0,167.0,26.0,7.0,3.0,1.0,0.0,0.0,0.0,11.04,18.96,23.59,34.0,20.71,7.161,13.936,1673.77,20.0,0.0,0.0,6.0,0.0,3.0,0.0,37.8,0.0,20.0,25.0,55.0,-4.58,4.0,3853.55,21.058,61.74,0.0,24.0,1188.76,18.96,14.79,0.0,0.0,1593.79,5.78,33.65,0.0,1.0,1071.0,10.3,47.4,-120.7,1.2329,1.8790045238095288,-0.6461045238095287,-1.7609200551098754,True
United States,Nebraska,Wheat,2015,winter,303.0,420.85,1.389,239.0,251.0,56.0,8.0,5.0,13.0,2.0,1.0,0.0,25.78,38.99,56.47,64.0,14.183,1.626,7.904,1759.305,13.0,1.0,0.0,4.0,1.0,2.0,0.0,25.02,0.49,12.0,125.0,192.0,-20.84,9.0,4426.56,14.609,77.24,0.0,34.0,1281.13,21.38,51.87,0.0,84.0,1118.12,20.83,291.74,1.0,7.0,2027.31,38.99,41.5,-99.8,2.5555,2.9746034749034678,-0.4191034749034679,-1.1166604391750174,True
United States,Oklahoma,Wheat,2015,winter,303.0,920.9,3.039,218.0,235.0,17.0,12.0,2.0,30.0,13.0,10.0,1.0,67.18,95.06,155.11,85.0,19.334,7.956,13.645,2930.835,46.0,4.0,0.0,9.0,2.0,8.0,0.0,101.55,5.77,39.0,71.0,115.0,-11.99,9.0,4549.34,15.014,188.42,4.0,15.0,1418.93,41.54,96.6,0.0,56.0,1061.66,16.01,635.88,0.0,0.0,2068.75,95.06,35.5,-97.5,1.7485,2.171404997854996,-0.4229049978549959,-1.042784334251518,True
United States,Washington,Wheat,2015,winter,303.0,668.21,2.205,188.0,221.0,26.0,9.0,3.0,16.0,4.0,1.0,0.0,26.07,41.98,77.92,115.0,10.946,1.04,5.993,1060.76,5.0,0.0,0.0,3.0,0.0,1.0,0.0,12.62,0.0,5.0,147.0,216.0,-17.26,14.0,3731.69,12.316,295.16,0.0,33.0,931.25,41.98,278.05,0.0,85.0,676.02,36.58,95.0,0.0,29.0,2124.42,18.96,47.4,-120.7,3.3827,4.106839081939073,-0.7241390819390734,-1.383532291767533,True
United States,Montana,Canola,2017,spring,183.0,283.67,1.55,128.0,146.0,25.0,6.0,2.0,6.0,2.0,0.0,0.0,24.25,50.47,55.29,55.0,21.798,7.646,14.722,1818.135,38.0,1.0,0.0,10.0,1.0,5.0,0.0,80.55,0.49,36.0,24.0,66.0,-6.63,6.0,3937.88,21.518,129.39,0.0,20.0,1245.61,22.7,68.95,1.0,0.0,1600.21,33.36,85.33,0.0,4.0,1092.06,50.47,47.0,-110.0,0.9639,1.4455502442002448,-0.4816502442002448,-1.4576811010414288,True
United States,Nebraska,Oats,2017,spring,183.0,515.73,2.818,111.0,132.0,12.0,2.0,0.0,14.0,5.0,5.0,0.0,43.74,84.93,136.53,72.0,25.762,12.462,19.112,2591.545,54.0,14.0,0.0,13.0,3.0,5.0,1.0,188.97,29.62,36.0,3.0,28.0,-2.2,1.0,3934.8,21.502,149.68,0.0,3.0,1236.15,32.78,87.69,13.0,0.0,1536.96,14.51,278.36,1.0,0.0,1161.69,84.93,41.5,-99.8,1.7575,2.2030227842127825,-0.44552278421278246,-1.267151004991884,True
United States,North Dakota,Oats,2017,spring,183.0,284.33,1.554,134.0,149.0,23.0,7.0,1.0,7.0,4.0,2.0,0.0,31.26,33.21,48.65,49.0,23.434,9.658,16.546,2141.585,38.0,7.0,0.0,9.0,2.0,5.0,0.0,100.62,8.77,29.0,14.0,42.0,-6.41,4.0,3813.23,20.837,45.52,0.0,14.0,1255.88,15.22,99.68,6.0,0.0,1532.02,33.21,139.13,1.0,0.0,1025.33,26.89,47.5,-100.5,2.0803,2.483118138138124,-0.4028181381381244,-1.0767849854951559,True
United States,Washington,Oats,2017,spring,183.0,187.69,1.026,136.0,158.0,56.0,4.0,2.0,4.0,0.0,0.0,0.0,12.92,24.42,41.48,47.0,19.552,6.69,13.121,1552.195,15.0,0.0,0.0,5.0,0.0,3.0,0.0,21.04,0.0,15.0,30.0,69.0,-5.87,7.0,3803.53,20.784,140.23,0.0,30.0,1113.4,24.42,26.19,0.0,0.0,1580.17,12.22,21.27,0.0,0.0,1109.96,10.79,47.4,-120.7,1.5064,2.279102906403942,-0.7727029064039421,-1.749617026026762,True
United States,Montana,Wheat,2017,spring,183.0,283.67,1.55,128.0,146.0,25.0,6.0,2.0,6.0,2.0,0.0,0.0,24.25,50.47,55.29,55.0,21.798,7.646,14.722,1818.135,38.0,1.0,0.0,10.0,1.0,5.0,0.0,80.55,0.49,36.0,24.0,66.0,-6.63,6.0,3937.88,21.518,129.39,0.0,20.0,1245.61,22.7,68.95,1.0,0.0,1600.21,33.36,85.33,0.0,4.0,1092.06,50.47,47.0,-110.0,1.836,2.3234620806520816,-0.4874620806520815,-1.3664396894393,True
United States,North Dakota,Wheat,2017,spring,183.0,284.33,1.554,134.0,149.0,23.0,7.0,1.0,7.0,4.0,2.0,0.0,31.26,33.21,48.65,49.0,23.434,9.658,16.546,2141.585,38.0,7.0,0.0,9.0,2.0,5.0,0.0,100.62,8.77,29.0,14.0,42.0,-6.41,4.0,3813.23,20.837,45.52,0.0,14.0,1255.88,15.22,99.68,6.0,0.0,1532.02,33.21,139.13,1.0,0.0,1025.33,26.89,47.5,-100.5,2.5488,2.9659495452595337,-0.41714954525953374,-1.1495881878159087,True
United States,South Dakota,Wheat,2017,spring,183.0,325.89,1.781,126.0,143.0,13.0,5.0,0.0,12.0,1.0,1.0,0.0,26.62,45.1,47.09,57.0,26.068,11.986,19.027,2572.345,65.0,17.0,3.0,32.0,4.0,4.0,2.0,241.14,56.17,48.0,7.0,32.0,-3.64,2.0,3919.68,21.419,80.42,0.0,7.0,1237.34,21.86,101.08,15.0,0.0,1606.25,40.74,144.39,2.0,0.0,1076.09,45.1,44.5,-100.0,2.3403,3.103556598026586,-0.7632565980265857,-2.0421064838944254,True
United States,Kansas,Barley,2018,spring,183.0,581.27,3.176,117.0,129.0,12.0,4.0,0.0,18.0,9.0,2.0,0.0,29.76,70.85,85.05,66.0,28.952,16.077,22.515,3230.785,96.0,29.0,0.0,12.0,6.0,12.0,4.0,367.0,51.41,66.0,12.0,21.0,-7.03,3.0,3967.38,21.68,140.87,1.0,12.0,1307.26,31.99,210.59,23.0,0.0,1536.22,44.52,229.81,5.0,0.0,1123.9,70.85,38.5,-98.0,1.6678,2.4195882946111062,-0.7517882946111063,-1.3021481987500316,True
United States,Colorado,Oats,2018,spring,183.0,190.32,1.04,137.0,161.0,17.0,8.0,2.0,2.0,0.0,0.0,0.0,13.67,20.31,31.33,46.0,21.598,4.899,13.249,1575.67,3.0,0.0,0.0,2.0,0.0,0.0,0.0,0.92,0.0,3.0,36.0,76.0,-8.82,4.0,4082.34,22.308,60.47,0.0,33.0,1322.76,14.0,79.13,0.0,0.0,1521.09,20.31,50.72,0.0,3.0,1238.49,13.68,39.0,-105.5,1.7934,2.4565489655172534,-0.6631489655172533,-2.480924939818572,True
United States,Iowa,Oats,2018,spring,183.0,759.02,4.148,107.0,116.0,12.0,4.0,0.0,25.0,10.0,6.0,0.0,45.67,71.13,115.28,76.0,24.568,13.408,18.988,2648.395,40.0,2.0,0.0,7.0,2.0,5.0,0.0,77.97,1.06,26.0,18.0,28.0,-10.38,2.0,3579.33,19.559,141.16,2.0,18.0,1209.21,52.09,287.0,0.0,0.0,1387.25,57.0,330.86,0.0,0.0,982.87,71.13,42.0,-93.5,2.2596,2.6796143543543423,-0.4200143543543424,-1.4117695072402083,True
United States,Minnesota,Oats,2018,spring,183.0,541.46,2.959,113.0,131.0,14.0,3.0,1.0,16.0,6.0,2.0,0.0,35.26,46.45,73.55,70.0,21.208,10.23,15.719,2119.565,7.0,0.0,0.0,2.0,0.0,0.0,0.0,5.33,0.0,4.0,25.0,38.0,-16.61,3.0,3456.02,18.885,84.12,0.0,23.0,1272.78,24.36,255.88,0.0,0.0,1290.01,46.45,201.46,0.0,2.0,893.23,39.18,46.0,-94.0,2.1162,2.476209219219214,-0.36000921921921414,-1.1802855958782992,True
United States,Washington,Oats,2018,spring,183.0,172.86,0.945,146.0,158.0,61.0,5.0,2.0,2.0,0.0,0.0,0.0,16.22,26.31,45.63,37.0,19.469,6.715,13.092,1533.745,13.0,0.0,0.0,4.0,0.0,3.0,0.0,19.71,0.0,13.0,23.0,63.0,-4.63,4.0,3747.4,20.478,126.66,0.0,23.0,1134.62,26.31,27.1,0.0,0.0,1516.18,8.73,19.1,0.0,0.0,1096.6,3.95,47.4,-120.7,1.6499,2.26680551724138,-0.6169055172413802,-1.396847853774112,True
United States,Illinois,Wheat,2018,winter,303.0,860.76,2.841,214.0,233.0,18.0,11.0,1.0,26.0,12.0,8.0,1.0,85.59,151.76,167.79,89.0,14.684,3.626,9.155,2101.865,23.0,0.0,0.0,7.0,0.0,3.0,0.0,54.98,0.0,17.0,135.0,178.0,-24.44,17.0,4015.52,13.253,226.16,0.0,28.0,1154.23,43.58,239.0,0.0,85.0,888.18,151.76,395.6,0.0,22.0,1973.11,89.83,40.0,-89.0,4.4386,4.921745105105089,-0.48314510510508857,-1.1310714405160316,True
United States,Kansas,Barley,2019,spring,183.0,780.54,4.265,105.0,117.0,12.0,5.0,0.0,27.0,12.0,7.0,0.0,47.36,100.49,128.61,78.0,26.538,15.618,21.078,2944.57,58.0,1.0,0.0,10.0,1.0,8.0,0.0,102.66,0.09,37.0,4.0,11.0,-2.99,1.0,3875.51,21.178,374.94,0.0,4.0,1191.97,100.49,185.32,0.0,0.0,1565.81,68.48,220.28,1.0,0.0,1117.73,50.53,38.5,-98.0,1.7754,2.434093366655844,-0.6586933666558441,-1.1409014839253264,True
United States,Illinois,Oats,2019,spring,183.0,603.55,3.298,104.0,117.0,9.0,1.0,0.0,21.0,3.0,2.0,0.0,36.66,42.23,77.05,79.0,25.356,14.879,20.117,2771.89,26.0,0.0,0.0,5.0,0.0,4.0,0.0,27.74,0.0,18.0,4.0,11.0,-3.55,1.0,3523.13,19.252,254.6,0.0,4.0,1054.05,39.41,191.97,0.0,0.0,1379.22,42.23,156.98,0.0,0.0,1089.86,34.19,40.0,-89.0,2.3314,2.8778210853710675,-0.5464210853710676,-1.7610979585694717,True
United States,Iowa,Oats,2019,spring,183.0,627.0,3.426,98.0,115.0,8.0,2.0,0.0,16.0,6.0,2.0,0.0,40.56,46.77,83.12,85.0,23.73,13.249,18.49,2476.135,9.0,0.0,0.0,3.0,0.0,2.0,0.0,8.45,0.0,6.0,8.0,28.0,-3.08,3.0,3380.73,18.474,242.25,0.0,8.0,1029.25,45.76,178.08,0.0,0.0,1328.77,38.89,206.67,0.0,0.0,1022.71,46.77,42.0,-93.5,2.0803,2.6975979965679855,-0.6172979965679857,-2.074887392300722,True
United States,Illinois,Wheat,2019,winter,303.0,966.4,3.189,195.0,214.0,12.0,6.0,0.0,35.0,9.0,6.0,1.0,50.55,73.26,77.05,108.0,13.602,3.28,8.441,1879.745,11.0,0.0,0.0,5.0,0.0,2.0,0.0,21.32,0.0,9.0,134.0,175.0,-28.39,15.0,3778.5,12.47,275.23,0.0,33.0,1081.32,73.26,248.08,0.0,90.0,850.52,42.29,443.09,0.0,11.0,1846.66,49.98,40.0,-89.0,4.5058,4.992848078078055,-0.48704807807805484,-1.1402085324914701,True
United States,Minnesota,Barley,2020,spring,183.0,456.89,2.497,117.0,133.0,10.0,4.0,0.0,14.0,4.0,2.0,0.0,33.67,56.16,68.68,66.0,20.74,10.003,15.371,1987.565,7.0,0.0,0.0,3.0,0.0,1.0,0.0,6.29,0.0,4.0,23.0,47.0,-10.11,3.0,3596.72,19.654,85.67,0.0,23.0,1212.68,18.76,214.11,0.0,0.0,1422.53,42.87,157.11,0.0,0.0,961.51,56.16,46.0,-94.0,2.5286,3.5506695409695297,-1.0220695409695297,-1.9887213487567366,True
United States,Minnesota,Canola,2020,spring,183.0,456.89,2.497,117.0,133.0,10.0,4.0,0.0,14.0,4.0,2.0,0.0,33.67,56.16,68.68,66.0,20.74,10.003,15.371,1987.565,7.0,0.0,0.0,3.0,0.0,1.0,0.0,6.29,0.0,4.0,23.0,47.0,-10.11,3.0,3596.72,19.654,85.67,0.0,23.0,1212.68,18.76,214.11,0.0,0.0,1422.53,42.87,157.11,0.0,0.0,961.51,56.16,46.0,-94.0,1.7597,2.242766403940877,-0.48306640394087674,-1.601005678029631,True
United States,Illinois,Oats,2020,spring,183.0,586.03,3.202,116.0,133.0,14.0,4.0,1.0,21.0,7.0,6.0,0.0,34.61,54.27,92.87,67.0,24.487,13.404,18.945,2562.49,22.0,0.0,0.0,8.0,0.0,2.0,0.0,27.59,0.0,18.0,7.0,28.0,-3.58,1.0,3701.4,20.226,238.02,0.0,7.0,1131.58,54.27,255.05,0.0,0.0,1438.85,46.16,92.96,0.0,0.0,1130.97,21.35,40.0,-89.0,2.0803,2.901340068640053,-0.8210400686400532,-2.646186297521485,True
United States,Colorado,Wheat,2020,winter,304.0,281.72,0.927,233.0,259.0,31.0,10.0,4.0,2.0,0.0,0.0,0.0,12.1,16.46,22.79,71.0,9.924,-5.08,2.422,770.285,0.0,0.0,0.0,0.0,0.0,0.0,0.0,0.0,0.0,0.0,223.0,266.0,-25.14,5.0,5103.98,16.789,94.44,0.0,70.0,1468.32,16.46,94.58,0.0,101.0,1246.54,14.22,92.7,0.0,52.0,2389.12,12.13,39.0,-105.5,1.8158,2.4518798369798365,-0.6360798369798364,-1.4256968265067393,True
United States,Illinois,Wheat,2020,winter,304.0,894.94,2.944,204.0,226.0,11.0,6.0,0.0,33.0,9.0,7.0,0.0,46.58,83.5,92.87,100.0,14.42,4.029,9.224,1889.07,14.0,0.0,0.0,5.0,0.0,2.0,0.0,14.99,0.0,13.0,126.0,183.0,-18.47,15.0,3835.38,12.616,255.19,0.0,34.0,1102.01,47.02,277.33,0.0,82.0,782.06,83.5,362.42,0.0,10.0,1951.31,54.27,40.0,-89.0,4.5731,5.063951051051021,-0.49085105105102045,-1.1491115185164247,True
United States,Minnesota,Wheat,2020,spring,183.0,456.89,2.497,117.0,133.0,10.0,4.0,0.0,14.0,4.0,2.0,0.0,33.67,56.16,68.68,66.0,20.74,10.003,15.371,1987.565,7.0,0.0,0.0,3.0,0.0,1.0,0.0,6.29,0.0,4.0,23.0,47.0,-10.11,3.0,3596.72,19.654,85.67,0.0,23.0,1212.68,18.76,214.11,0.0,0.0,1422.53,42.87,157.11,0.0,0.0,961.51,56.16,46.0,-94.0,3.5643,4.0596839768339805,-0.4953839768339807,-1.1028557692392922,True
United States,Colorado,Barley,2021,spring,183.0,289.21,1.58,115.0,139.0,24.0,4.0,2.0,4.0,0.0,0.0,0.0,16.18,26.29,37.58,68.0,20.805,4.518,12.662,1503.31,3.0,0.0,0.0,3.0,0.0,1.0,0.0,2.5,0.0,3.0,45.0,80.0,-10.91,5.0,3971.02,21.7,103.52,0.0,42.0,1244.77,20.51,130.01,0.0,1.0,1464.88,25.95,55.68,0.0,2.0,1261.37,17.21,39.0,-105.5,5.9719,7.313027138567122,-1.3411271385671224,-2.3897923922889537,True
United States,Minnesota,Barley,2021,spring,183.0,431.52,2.358,130.0,140.0,17.0,6.0,1.0,13.0,5.0,3.0,0.0,30.36,52.56,74.12,53.0,23.357,11.363,17.36,2298.605,36.0,2.0,0.0,7.0,1.0,5.0,0.0,76.05,1.47,28.0,13.0,38.0,-5.88,4.0,3578.45,19.554,128.23,0.0,13.0,1103.74,50.96,95.89,2.0,0.0,1420.12,25.91,207.4,0.0,0.0,1054.59,52.56,46.0,-94.0,2.959,3.5722948820248774,-0.6132948820248774,-1.1933362418854032,True
United States,Montana,Barley,2021,spring,183.0,276.21,1.509,127.0,146.0,18.0,6.0,1.0,6.0,0.0,0.0,0.0,17.8,35.52,40.92,56.0,21.889,7.784,14.837,1902.33,38.0,3.0,0.0,7.0,2.0,6.0,0.0,79.06,0.63,32.0,31.0,63.0,-7.2,3.0,3666.02,20.033,130.32,0.0,31.0,1124.03,26.68,62.69,3.0,0.0,1527.04,10.64,83.2,0.0,0.0,1014.95,35.52,47.0,-110.0,2.0444,2.8367534877734855,-0.7923534877734855,-2.2228540789473072,True
United States,North Dakota,Barley,2021,spring,183.0,268.88,1.469,141.0,150.0,18.0,11.0,1.0,7.0,1.0,1.0,0.0,43.18,46.13,60.1,42.0,25.034,10.76,17.897,2410.225,56.0,15.0,0.0,13.0,5.0,8.0,1.0,205.29,30.35,48.0,20.0,43.0,-5.82,2.0,3658.48,19.992,69.29,0.0,20.0,1178.53,30.55,96.46,9.0,0.0,1468.74,20.69,103.13,6.0,0.0,1011.21,46.13,47.5,-100.5,2.7438,3.654919034749028,-0.9111190347490283,-2.545257309267406,True
United States,South Dakota,Barley,2021,spring,183.0,338.11,1.848,134.0,149.0,17.0,6.0,1.0,14.0,1.0,0.0,0.0,23.4,43.28,62.03,49.0,27.08,12.953,20.016,2772.275,77.0,28.0,3.0,13.0,8.0,10.0,4.0,339.78,68.7,61.0,13.0,34.0,-4.77,3.0,3802.52,20.779,81.4,0.0,13.0,1198.32,28.33,109.16,19.0,0.0,1488.04,31.87,147.55,9.0,0.0,1116.16,43.28,44.5,-100.0,1.076,2.481431303617681,-1.4054313036176809,-2.975908494453759,True
United States,Washington,Barley,2021,spring,183.0,132.69,0.725,148.0,161.0,23.0,8.0,3.0,1.0,0.0,0.0,0.0,10.78,16.86,18.37,35.0,20.503,7.063,13.783,1656.31,23.0,5.0,0.0,6.0,4.0,3.0,1.0,59.62,8.42,22.0,20.0,67.0,-7.46,2.0,3919.87,21.42,40.23,0.0,20.0,1276.81,6.95,30.21,5.0,0.0,1618.65,12.38,62.25,0.0,0.0,1024.41,16.86,47.4,-120.7,2.0444,3.4937807722007665,-1.4493807722007666,-2.3762803792345286,True
United States,Minnesota,Canola,2021,spring,183.0,431.52,2.358,130.0,140.0,17.0,6.0,1.0,13.0,5.0,3.0,0.0,30.36,52.56,74.12,53.0,23.357,11.363,17.36,2298.605,36.0,2.0,0.0,7.0,1.0,5.0,0.0,76.05,1.47,28.0,13.0,38.0,-5.88,4.0,3578.45,19.554,128.23,0.0,13.0,1103.74,50.96,95.89,2.0,0.0,1420.12,25.91,207.4,0.0,0.0,1054.59,52.56,46.0,-94.0,1.9054,2.2847561576354565,-0.3793561576354565,-1.2572833826055192,True
United States,Montana,Canola,2021,spring,183.0,276.21,1.509,127.0,146.0,18.0,6.0,1.0,6.0,0.0,0.0,0.0,17.8,35.52,40.92,56.0,21.889,7.784,14.837,1902.33,38.0,3.0,0.0,7.0,2.0,6.0,0.0,79.06,0.63,32.0,31.0,63.0,-7.2,3.0,3666.02,20.033,130.32,0.0,31.0,1124.03,26.68,62.69,3.0,0.0,1527.04,10.64,83.2,0.0,0.0,1014.95,35.52,47.0,-110.0,1.0088,1.4582215506715492,-0.4494215506715493,-1.3601431924994283,True
United States,North Dakota,Canola,2021,spring,183.0,268.88,1.469,141.0,150.0,18.0,11.0,1.0,7.0,1.0,1.0,0.0,43.18,46.13,60.1,42.0,25.034,10.76,17.897,2410.225,56.0,15.0,0.0,13.0,5.0,8.0,1.0,205.29,30.35,48.0,20.0,43.0,-5.82,2.0,3658.48,19.992,69.29,0.0,20.0,1178.53,30.55,96.46,9.0,0.0,1468.74,20.69,103.13,6.0,0.0,1011.21,46.13,47.5,-100.5,1.5019,2.024302436974793,-0.5224024369747928,-2.7209096729316196,True
United States,Washington,Canola,2021,spring,183.0,132.69,0.725,148.0,161.0,23.0,8.0,3.0,1.0,0.0,0.0,0.0,10.78,16.86,18.37,35.0,20.503,7.063,13.783,1656.31,23.0,5.0,0.0,6.0,4.0,3.0,1.0,59.62,8.42,22.0,20.0,67.0,-7.46,2.0,3919.87,21.42,40.23,0.0,20.0,1276.81,6.95,30.21,5.0,0.0,1618.65,12.38,62.25,0.0,0.0,1024.41,16.86,47.4,-120.7,1.2329,1.8780488095238044,-0.6451488095238043,-1.7583153117739763,True
United States,Minnesota,Oats,2021,spring,183.0,431.52,2.358,130.0,140.0,17.0,6.0,1.0,13.0,5.0,3.0,0.0,30.36,52.56,74.12,53.0,23.357,11.363,17.36,2298.605,36.0,2.0,0.0,7.0,1.0,5.0,0.0,76.05,1.47,28.0,13.0,38.0,-5.88,4.0,3578.45,19.554,128.23,0.0,13.0,1103.74,50.96,95.89,2.0,0.0,1420.12,25.91,207.4,0.0,0.0,1054.59,52.56,46.0,-94.0,2.0444,2.530687250107249,-0.48628725010724905,-1.5942864963448722,True
United States,Montana,Oats,2021,spring,183.0,276.21,1.509,127.0,146.0,18.0,6.0,1.0,6.0,0.0,0.0,0.0,17.8,35.52,40.92,56.0,21.889,7.784,14.837,1902.33,38.0,3.0,0.0,7.0,2.0,6.0,0.0,79.06,0.63,32.0,31.0,63.0,-7.2,3.0,3666.02,20.033,130.32,0.0,31.0,1124.03,26.68,62.69,3.0,0.0,1527.04,10.64,83.2,0.0,0.0,1014.95,35.52,47.0,-110.0,1.2554,1.6294996181896195,-0.37409961818961945,-1.3609548382124501,True
United States,North Dakota,Oats,2021,spring,183.0,268.88,1.469,141.0,150.0,18.0,11.0,1.0,7.0,1.0,1.0,0.0,43.18,46.13,60.1,42.0,25.034,10.76,17.897,2410.225,56.0,15.0,0.0,13.0,5.0,8.0,1.0,205.29,30.35,48.0,20.0,43.0,-5.82,2.0,3658.48,19.992,69.29,0.0,20.0,1178.53,30.55,96.46,9.0,0.0,1468.74,20.69,103.13,6.0,0.0,1011.21,46.13,47.5,-100.5,1.7216,2.5864439039038913,-0.8648439039038913,-2.3118396178113616,True
United States,South Dakota,Oats,2021,spring,183.0,338.11,1.848,134.0,149.0,17.0,6.0,1.0,14.0,1.0,0.0,0.0,23.4,43.28,62.03,49.0,27.08,12.953,20.016,2772.275,77.0,28.0,3.0,13.0,8.0,10.0,4.0,339.78,68.7,61.0,13.0,34.0,-4.77,3.0,3802.52,20.779,81.4,0.0,13.0,1198.32,28.33,109.16,19.0,0.0,1488.04,31.87,147.55,9.0,0.0,1116.16,43.28,44.5,-100.0,2.4031,2.892177456027447,-0.48907745602744734,-1.6680138635498167,True
United States,Minnesota,Wheat,2021,spring,183.0,431.52,2.358,130.0,140.0,17.0,6.0,1.0,13.0,5.0,3.0,0.0,30.36,52.56,74.12,53.0,23.357,11.363,17.36,2298.605,36.0,2.0,0.0,7.0,1.0,5.0,0.0,76.05,1.47,28.0,13.0,38.0,-5.88,4.0,3578.45,19.554,128.23,0.0,13.0,1103.74,50.96,95.89,2.0,0.0,1420.12,25.91,207.4,0.0,0.0,1054.59,52.56,46.0,-94.0,3.228,4.116680694980701,-0.8886806949807009,-1.9784382969647576,True
United States,Montana,Wheat,2021,spring,183.0,276.21,1.509,127.0,146.0,18.0,6.0,1.0,6.0,0.0,0.0,0.0,17.8,35.52,40.92,56.0,21.889,7.784,14.837,1902.33,38.0,3.0,0.0,7.0,2.0,6.0,0.0,79.06,0.63,32.0,31.0,63.0,-7.2,3.0,3666.02,20.033,130.32,0.0,31.0,1124.03,26.68,62.69,3.0,0.0,1527.04,10.64,83.2,0.0,0.0,1014.95,35.52,47.0,-110.0,1.493,2.3661455298155296,-0.8731455298155295,-2.4475764453317597,True
United States,North Dakota,Wheat,2021,spring,183.0,268.88,1.469,141.0,150.0,18.0,11.0,1.0,7.0,1.0,1.0,0.0,43.18,46.13,60.1,42.0,25.034,10.76,17.897,2410.225,56.0,15.0,0.0,13.0,5.0,8.0,1.0,205.29,30.35,48.0,20.0,43.0,-5.82,2.0,3658.48,19.992,69.29,0.0,20.0,1178.53,30.55,96.46,9.0,0.0,1468.74,20.69,103.13,6.0,0.0,1011.21,46.13,47.5,-100.5,2.1655,3.126483856713847,-0.9609838567138467,-2.6482965231873656,True
United States,South Dakota,Wheat,2021,spring,183.0,338.11,1.848,134.0,149.0,17.0,6.0,1.0,14.0,1.0,0.0,0.0,23.4,43.28,62.03,49.0,27.08,12.953,20.016,2772.275,77.0,28.0,3.0,13.0,8.0,10.0,4.0,339.78,68.7,61.0,13.0,34.0,-4.77,3.0,3802.52,20.779,81.4,0.0,13.0,1198.32,28.33,109.16,19.0,0.0,1488.04,31.87,147.55,9.0,0.0,1116.16,43.28,44.5,-100.0,2.2865,3.25163422994423,-0.9651342299442298,-2.5822336471029295,True
United States,Washington,Wheat,2021,winter,303.0,753.19,2.486,180.0,208.0,17.0,9.0,2.0,18.0,3.0,2.0,0.0,35.17,57.08,72.4,123.0,9.53,-0.146,4.692,979.615,8.0,4.0,0.0,6.0,4.0,1.0,1.0,35.63,7.43,8.0,177.0,234.0,-16.0,4.0,3739.78,12.343,297.78,0.0,46.0,899.81,51.36,373.69,0.0,101.0,638.85,57.08,81.72,4.0,30.0,2201.12,12.38,47.4,-120.7,2.6295,4.160379236379226,-1.530879236379226,-2.9248812985697747,True
United States,Colorado,Barley,2022,spring,183.0,318.58,1.741,114.0,136.0,16.0,6.0,2.0,6.0,1.0,1.0,0.0,27.12,37.97,55.91,69.0,20.681,4.373,12.527,1484.87,2.0,0.0,0.0,2.0,0.0,0.0,0.0,0.61,0.0,1.0,52.0,79.0,-12.12,4.0,3934.62,21.501,80.22,0.0,50.0,1330.7,28.79,129.67,0.0,2.0,1415.99,37.97,108.69,0.0,0.0,1187.93,29.51,39.0,-105.5,5.9719,7.389565774345755,-1.417665774345755,-2.5261787528657567,True
United States,Kansas,Barley,2022,spring,183.0,477.73,2.611,135.0,141.0,20.0,8.0,2.0,16.0,6.0,3.0,0.0,48.24,93.58,95.73,48.0,30.177,16.262,23.219,3334.165,109.0,55.0,8.0,24.0,12.0,11.0,8.0,562.94,145.34,86.0,3.0,17.0,-0.63,0.0,4076.52,22.276,207.6,0.0,3.0,1278.6,93.58,195.51,26.0,0.0,1486.48,45.94,74.62,29.0,0.0,1311.44,27.03,38.5,-98.0,1.8292,2.4776085827900616,-0.6484085827900616,-1.123087542312562,True
United States,Montana,Barley,2022,spring,183.0,330.28,1.805,115.0,132.0,12.0,4.0,0.0,7.0,1.0,0.0,0.0,21.43,24.76,47.43,68.0,20.858,7.494,14.176,1824.74,41.0,5.0,0.0,9.0,1.0,5.0,0.0,90.71,4.49,35.0,37.0,62.0,-15.75,6.0,3748.17,20.482,110.21,0.0,37.0,1132.44,21.14,136.67,1.0,0.0,1452.27,24.76,83.4,4.0,0.0,1163.46,23.35,47.0,-110.0,2.2058,2.846738314028311,-0.6409383140283111,-1.7980767014667727,True
United States,Kansas,Canola,2022,spring,183.0,477.73,2.611,135.0,141.0,20.0,8.0,2.0,16.0,6.0,3.0,0.0,48.24,93.58,95.73,48.0,30.177,16.262,23.219,3334.165,109.0,55.0,8.0,24.0,12.0,11.0,8.0,562.94,145.34,86.0,3.0,17.0,-0.63,0.0,4076.52,22.276,207.6,0.0,3.0,1278.6,93.58,195.51,26.0,0.0,1486.48,45.94,74.62,29.0,0.0,1311.44,27.03,38.5,-98.0,0.7734,1.3450090909090875,-0.5716090909090875,-1.149225088026099,True
United States,Oklahoma,Canola,2022,spring,183.0,536.9,2.934,133.0,146.0,22.0,5.0,4.0,17.0,6.0,5.0,1.0,76.26,95.97,101.07,50.0,32.138,19.037,25.587,3767.475,125.0,68.0,18.0,49.0,29.0,9.0,5.0,723.49,231.16,102.0,0.0,6.0,1.57,0.0,4181.16,22.848,254.75,2.0,0.0,1299.15,89.86,193.2,39.0,0.0,1571.06,95.97,88.95,27.0,0.0,1310.95,35.92,35.5,-97.5,0.7846,1.3464651960784333,-0.5618651960784333,-1.4771228396754164,True
United States,Kansas,Oats,2022,spring,183.0,477.73,2.611,135.0,141.0,20.0,8.0,2.0,16.0,6.0,3.0,0.0,48.24,93.58,95.73,48.0,30.177,16.262,23.219,3334.165,109.0,55.0,8.0,24.0,12.0,11.0,8.0,562.94,145.34,86.0,3.0,17.0,-0.63,0.0,4076.52,22.276,207.6,0.0,3.0,1278.6,93.58,195.51,26.0,0.0,1486.48,45.94,74.62,29.0,0.0,1311.44,27.03,38.5,-98.0,1.4706,1.9477434834834817,-0.4771434834834818,-1.6108982296384742,True
United States,Minnesota,Oats,2022,spring,183.0,568.25,3.105,111.0,127.0,11.0,2.0,0.0,18.0,7.0,1.0,0.0,31.13,61.27,79.66,72.0,20.987,10.233,15.61,2033.375,9.0,0.0,0.0,2.0,0.0,0.0,0.0,13.87,0.0,5.0,25.0,43.0,-7.84,4.0,3339.71,18.25,238.96,0.0,25.0,973.17,61.27,166.1,0.0,0.0,1362.4,40.12,163.19,0.0,0.0,1004.14,37.2,46.0,-94.0,2.1879,2.5488465937365916,-0.36094659373659166,-1.1833587661798919,True
United States,Nebraska,Oats,2022,spring,183.0,319.51,1.746,136.0,151.0,21.0,6.0,2.0,9.0,3.0,1.0,0.0,32.97,43.45,71.79,47.0,27.916,13.108,20.512,2856.69,88.0,40.0,4.0,19.0,6.0,8.0,6.0,407.03,89.9,70.0,14.0,31.0,-6.78,3.0,4092.6,22.364,132.83,0.0,14.0,1292.92,43.45,143.01,21.0,0.0,1567.15,31.92,43.67,19.0,0.0,1232.53,20.85,41.5,-99.8,1.8292,2.231432436722436,-0.4022324367224359,-1.1440250745733815,True
United States,Oklahoma,Oats,2022,spring,183.0,536.9,2.934,133.0,146.0,22.0,5.0,4.0,17.0,6.0,5.0,1.0,76.26,95.97,101.07,50.0,32.138,19.037,25.587,3767.475,125.0,68.0,18.0,49.0,29.0,9.0,5.0,723.49,231.16,102.0,0.0,6.0,1.57,0.0,4181.16,22.848,254.75,2.0,0.0,1299.15,89.86,193.2,39.0,0.0,1571.06,95.97,88.95,27.0,0.0,1310.95,35.92,35.5,-97.5,0.7173,1.512370618792973,-0.795070618792973,-3.4430986690178775,True
United States,Colorado,Wheat,2022,winter,303.0,266.21,0.879,236.0,260.0,24.0,15.0,4.0,2.0,0.0,0.0,0.0,15.63,28.79,46.28,67.0,10.855,-4.164,3.345,783.91,0.0,0.0,0.0,0.0,0.0,0.0,0.0,0.0,0.0,0.0,227.0,260.0,-24.44,6.0,4934.29,16.285,53.94,0.0,64.0,1429.99,12.4,91.43,0.0,101.0,1233.67,11.96,120.84,0.0,62.0,2270.63,28.79,39.0,-105.5,1.6813,2.470025499785498,-0.788725499785498,-1.7678338105610667,True
United States,Kansas,Wheat,2022,winter,303.0,561.54,1.853,244.0,253.0,34.0,13.0,4.0,18.0,8.0,5.0,0.0,48.24,93.58,95.73,59.0,18.531,5.378,11.955,2518.12,52.0,14.0,0.0,11.0,3.0,9.0,2.0,181.46,19.8,40.0,102.0,160.0,-16.09,13.0,4749.19,15.674,175.65,5.0,13.0,1364.94,67.23,55.83,0.0,83.0,1208.07,18.73,330.06,9.0,6.0,2176.18,93.58,38.5,-98.0,2.4883,2.9525582625482656,-0.4642582625482654,-1.015868663729977,True
United States,Montana,Wheat,2022,spring,183.0,330.28,1.805,115.0,132.0,12.0,4.0,0.0,7.0,1.0,0.0,0.0,21.43,24.76,47.43,68.0,20.858,7.494,14.176,1824.74,41.0,5.0,0.0,9.0,1.0,5.0,0.0,90.71,4.49,35.0,37.0,62.0,-15.75,6.0,3748.17,20.482,110.21,0.0,37.0,1132.44,21.14,136.67,1.0,0.0,1452.27,24.76,83.4,4.0,0.0,1163.46,23.35,47.0,-110.0,1.9032,2.3768163921063916,-0.4736163921063916,-1.327627853386048,True
United States,Nebraska,Wheat,2022,winter,303.0,303.89,1.003,261.0,275.0,79.0,9.0,4.0,8.0,4.0,2.0,0.0,32.97,43.45,71.79,42.0,15.663,2.407,9.035,1900.62,35.0,9.0,1.0,14.0,4.0,2.0,1.0,123.63,16.7,29.0,134.0,194.0,-19.04,15.0,4576.24,15.103,104.52,1.0,21.0,1231.66,30.01,15.99,0.0,92.0,1080.36,5.53,183.38,8.0,21.0,2264.22,43.45,41.5,-99.8,2.152,3.1443100514800477,-0.9923100514800476,-2.643913601858626,True
United States,Kansas,Barley,2023,spring,183.0,432.06,2.361,120.0,134.0,15.0,6.0,1.0,14.0,3.0,1.0,0.0,26.49,31.93,60.45,63.0,30.22,16.013,23.116,3315.53,103.0,40.0,15.0,30.0,11.0,10.0,5.0,488.8,143.39,69.0,2.0,17.0,-3.14,1.0,4065.65,22.217,102.88,1.0,2.0,1353.8,31.61,215.83,18.0,0.0,1435.1,29.21,113.35,21.0,0.0,1276.75,31.93,38.5,-98.0,1.5602,2.492113654834803,-0.931913654834803,-1.614137511493745,True
United States,Washington,Barley,2023,spring,183.0,184.81,1.01,137.0,157.0,21.0,8.0,3.0,3.0,0.0,0.0,0.0,13.41,22.71,31.71,46.0,20.108,7.413,13.76,1690.09,10.0,1.0,0.0,5.0,1.0,1.0,0.0,20.54,0.07,10.0,22.0,52.0,-5.8,4.0,3767.54,20.588,93.53,0.0,21.0,1123.64,19.79,37.45,0.0,0.0,1558.01,17.29,53.83,1.0,1.0,1085.89,22.71,47.4,-120.7,2.8514,3.5101223680823654,-0.6587223680823655,-1.079984686329346,True
United States,Kansas,Canola,2023,spring,183.0,432.06,2.361,120.0,134.0,15.0,6.0,1.0,14.0,3.0,1.0,0.0,26.49,31.93,60.45,63.0,30.22,16.013,23.116,3315.53,103.0,40.0,15.0,30.0,11.0,10.0,5.0,488.8,143.39,69.0,2.0,17.0,-3.14,1.0,4065.65,22.217,102.88,1.0,2.0,1353.8,31.61,215.83,18.0,0.0,1435.1,29.21,113.35,21.0,0.0,1276.75,31.93,38.5,-98.0,0.6725,1.3039151515151417,-0.6314151515151417,-1.269465697137437,True
United States,Oklahoma,Canola,2023,spring,183.0,590.46,3.227,117.0,128.0,21.0,5.0,2.0,19.0,6.0,5.0,0.0,46.7,98.88,153.31,66.0,30.88,18.366,24.623,3591.02,109.0,50.0,15.0,27.0,14.0,8.0,7.0,562.66,165.78,77.0,0.0,6.0,2.32,0.0,4075.82,22.272,206.61,0.0,0.0,1248.37,57.86,284.05,15.0,0.0,1510.44,98.88,99.8,35.0,0.0,1317.01,27.53,35.5,-97.5,0.8967,1.3451735294117673,-0.4484735294117672,-1.1790203378098034,True
United States,Montana,Oats,2023,spring,183.0,478.82,2.617,103.0,124.0,12.0,5.0,0.0,13.0,1.0,1.0,1.0,51.49,70.05,89.97,80.0,20.879,8.088,14.483,1841.17,15.0,1.0,0.0,5.0,1.0,2.0,0.0,25.56,0.18,14.0,22.0,50.0,-12.42,4.0,3700.68,20.222,174.84,0.0,22.0,1176.69,32.2,186.68,1.0,0.0,1430.01,70.05,117.3,0.0,0.0,1093.98,40.88,47.0,-110.0,1.3271,1.6090596439296476,-0.2819596439296477,-1.02575443258595,True
United States,South Dakota,Oats,2023,spring,183.0,421.73,2.305,122.0,140.0,22.0,6.0,1.0,9.0,5.0,3.0,0.0,34.54,56.97,68.87,61.0,26.542,12.946,19.744,2731.18,69.0,18.0,4.0,15.0,6.0,8.0,3.0,246.95,62.24,51.0,15.0,28.0,-8.31,3.0,3831.86,20.939,93.22,0.0,15.0,1320.24,19.86,157.33,10.0,0.0,1447.78,49.0,171.18,8.0,0.0,1063.84,56.97,44.5,-100.0,2.6542,2.954449013299005,-0.300249013299005,-1.0240085911295558,True
United States,Kansas,Wheat,2023,winter,303.0,424.56,1.401,241.0,257.0,20.0,14.0,5.0,13.0,2.0,1.0,0.0,34.28,38.24,48.2,62.0,18.102,4.811,11.456,2415.945,48.0,12.0,0.0,10.0,4.0,7.0,2.0,159.45,23.48,32.0,127.0,165.0,-20.07,13.0,4742.7,15.652,104.84,9.0,30.0,1423.07,38.24,76.81,0.0,90.0,1084.24,14.84,242.91,3.0,7.0,2235.39,31.61,38.5,-98.0,2.3538,2.9704059588159595,-0.6166059588159594,-1.3492289140792377,True
United States,Washington,Wheat,2023,winter,303.0,605.9,2.0,188.0,220.0,33.0,7.0,3.0,14.0,2.0,1.0,0.0,46.62,69.29,85.73,115.0,8.879,-0.797,4.041,1103.77,2.0,0.0,0.0,2.0,0.0,0.0,0.0,0.58,0.0,2.0,172.0,209.0,-26.48,9.0,3554.42,11.731,202.6,0.0,45.0,978.03,69.29,268.68,0.0,96.0,600.77,42.16,134.62,0.0,31.0,1975.62,19.79,47.4,-120.7,3.3962,4.1782259545259475,-0.7820259545259476,-1.4941303239562054,True
United States,Montana,Oats,2024,spring,183.0,398.67,2.179,117.0,138.0,15.0,5.0,1.0,10.0,4.0,2.0,1.0,54.08,80.62,93.51,66.0,21.231,7.9,14.566,1813.015,29.0,2.0,0.0,13.0,2.0,4.0,0.0,59.9,2.09,22.0,21.0,60.0,-7.83,3.0,3731.86,20.393,148.49,0.0,21.0,1162.92,53.98,100.37,2.0,0.0,1484.28,29.77,149.81,0.0,0.0,1084.66,80.62,47.0,-110.0,1.1836,1.5988396567996581,-0.41523965679965813,-1.510620146243317,True
United States,Colorado,Barley,2025,spring,183.0,287.74,1.572,116.0,137.0,17.0,4.0,1.0,5.0,0.0,0.0,0.0,19.57,30.91,52.02,67.0,20.877,4.421,12.649,1488.63,2.0,0.0,0.0,1.0,0.0,0.0,0.0,0.63,0.0,2.0,43.0,83.0,-10.34,6.0,3814.05,20.842,85.55,0.0,43.0,1272.8,30.91,98.18,0.0,0.0,1410.33,20.19,104.01,0.0,0.0,1130.92,27.98,39.0,-105.5,6.7789,7.619181681681653,-0.8402816816816525,-1.4973217024062762,True
United States,Washington,Barley,2025,spring,183.0,148.34,0.811,144.0,162.0,21.0,11.0,2.0,1.0,0.0,0.0,0.0,11.79,18.44,22.75,39.0,19.097,5.612,12.355,1386.79,12.0,0.0,0.0,3.0,0.0,1.0,0.0,15.32,0.0,11.0,33.0,83.0,-5.27,8.0,3910.16,21.367,61.91,0.0,33.0,1254.78,18.44,26.64,0.0,0.0,1565.81,10.66,59.79,0.0,0.0,1089.57,15.58,47.4,-120.7,2.6362,3.526463963963961,-0.8902639639639607,-1.4596004241831328,True
United States,Nebraska,Oats,2025,spring,183.0,565.07,3.088,108.0,127.0,19.0,3.0,1.0,20.0,6.0,3.0,0.0,34.2,62.83,77.49,75.0,26.316,13.002,19.659,2689.17,55.0,14.0,0.0,11.0,8.0,7.0,2.0,187.88,25.12,36.0,8.0,18.0,-5.64,1.0,3782.39,20.669,133.02,0.0,8.0,1238.76,37.08,302.47,5.0,0.0,1461.22,62.83,129.58,9.0,0.0,1082.41,34.44,41.5,-99.8,1.7934,2.248478228228228,-0.45507822822822774,-1.2943284938125954,True
