country,region,crop,year,window,season_days,rain_sum,rain_mean,dry_days_1mm,dry_days_2mm,max_dry_spell_1mm,dry_spell_events_7d,dry_spell_events_14d,heavy_rain_days_10,heavy_rain_days_20,heavy_rain_days_25,heavy_rain_days_50,max_1day_rain,max_3day_rain,max_7day_rain,wet_days_1mm,season_tmax_mean,season_tmin_mean,season_tmean_mean,growing_degree_days_base5,heat_days_30,heat_days_35,heat_days_40,max_consecutive_heat_days_30,max_consecutive_heat_days_35,heatwave_events_3d_30,heatwave_events_3d_35,heat_degree_days_30,heat_degree_days_35,hot_dry_days_30_1mm,frost_days_0,cold_days_5,min_tmin,frost_events_2d,radiation_sum,radiation_mean,rain_sum_early,heat_days_35_early,frost_days_0_early,radiation_sum_early,max_3day_rain_early,rain_sum_mid,heat_days_35_mid,frost_days_0_mid,radiation_sum_mid,max_3day_rain_mid,rain_sum_late,heat_days_35_late,frost_days_0_late,radiation_sum_late,max_3day_rain_late,lat,lon,yield_t_ha,predicted_yield_t_ha,residual_observed_minus_predicted
United States,Colorado,Wheat,2019,winter,303.0,365.43,1.206,216.0,249.0,16.0,16.0,1.0,4.0,0.0,0.0,0.0,14.02,25.72,36.62,87.0,8.413,-5.638,1.387,583.54,0.0,0.0,0.0,0.0,0.0,0.0,0.0,0.0,0.0,0.0,238.0,271.0,-22.68,6.0,4650.62,15.349,91.15,0.0,68.0,1349.34,13.73,128.46,0.0,101.0,1227.06,25.72,145.82,0.0,69.0,2074.22,20.47,39.0,-105.5,3.2953,2.65607523809524,0.6392247619047602
United States,Colorado,Wheat,2020,winter,304.0,281.72,0.927,233.0,259.0,31.0,10.0,4.0,2.0,0.0,0.0,0.0,12.1,16.46,22.79,71.0,9.924,-5.08,2.422,770.285,0.0,0.0,0.0,0.0,0.0,0.0,0.0,0.0,0.0,0.0,223.0,266.0,-25.14,5.0,5103.98,16.789,94.44,0.0,70.0,1468.32,16.46,94.58,0.0,101.0,1246.54,14.22,92.7,0.0,52.0,2389.12,12.13,39.0,-105.5,1.8158,2.411883333333335,-0.5960833333333351
United States,Colorado,Wheat,2021,winter,303.0,309.3,1.021,226.0,260.0,44.0,9.0,3.0,1.0,0.0,0.0,0.0,10.78,20.51,29.87,77.0,10.125,-4.943,2.591,801.655,3.0,0.0,0.0,3.0,0.0,1.0,0.0,2.5,0.0,3.0,217.0,263.0,-22.13,9.0,4849.03,16.003,59.44,0.0,63.0,1463.71,17.07,94.02,0.0,101.0,1204.05,18.79,155.84,0.0,53.0,2181.27,20.51,39.0,-105.5,2.4883,2.5830504761904765,-0.09475047619047627
United States,Colorado,Wheat,2022,winter,303.0,266.21,0.879,236.0,260.0,24.0,15.0,4.0,2.0,0.0,0.0,0.0,15.63,28.79,46.28,67.0,10.855,-4.164,3.345,783.91,0.0,0.0,0.0,0.0,0.0,0.0,0.0,0.0,0.0,0.0,227.0,260.0,-24.44,6.0,4934.29,16.285,53.94,0.0,64.0,1429.99,12.4,91.43,0.0,101.0,1233.67,11.96,120.84,0.0,62.0,2270.63,28.79,39.0,-105.5,1.6813,2.360425380952381,-0.679125380952381
United States,Colorado,Wheat,2023,winter,303.0,338.53,1.117,225.0,254.0,22.0,13.0,4.0,3.0,1.0,1.0,0.0,34.14,52.95,62.94,78.0,8.869,-5.187,1.841,698.5,0.0,0.0,0.0,0.0,0.0,0.0,0.0,0.0,0.0,0.0,206.0,270.0,-20.74,4.0,4746.07,15.664,62.98,0.0,60.0,1416.16,11.75,71.9,0.0,101.0,1251.94,8.34,203.65,0.0,45.0,2077.97,52.95,39.0,-105.5,2.7573,2.6684090952380988,0.08889090476190109
United States,Colorado,Wheat,2024,winter,304.0,360.48,1.186,219.0,259.0,18.0,14.0,2.0,7.0,0.0,0.0,0.0,17.65,33.57,40.62,85.0,10.185,-4.069,3.058,782.56,0.0,0.0,0.0,0.0,0.0,0.0,0.0,0.0,0.0,0.0,222.0,269.0,-25.75,5.0,5013.26,16.491,97.77,0.0,59.0,1448.96,20.11,120.98,0.0,101.0,1242.95,33.57,141.73,0.0,62.0,2321.35,28.94,39.0,-105.5,2.3538,2.6748177619047633,-0.32101776190476317
United States,Colorado,Wheat,2025,winter,303.0,302.22,0.997,233.0,255.0,25.0,11.0,6.0,3.0,0.0,0.0,0.0,19.57,30.91,37.14,70.0,11.04,-3.694,3.673,889.285,0.0,0.0,0.0,0.0,0.0,0.0,0.0,0.0,0.0,0.0,206.0,258.0,-27.42,7.0,4868.14,16.066,101.82,0.0,52.0,1429.38,19.1,60.52,0.0,101.0,1252.83,8.95,139.88,0.0,53.0,2185.93,30.91,39.0,-105.5,2.5555,2.5322462857142876,0.023253714285712324
United States,Colorado,Barley,2019,spring,183.0,247.21,1.351,123.0,144.0,22.0,8.0,1.0,2.0,0.0,0.0,0.0,11.67,20.47,26.74,60.0,19.45,3.618,11.534,1320.045,0.0,0.0,0.0,0.0,0.0,0.0,0.0,0.0,0.0,0.0,60.0,98.0,-9.6,4.0,3902.65,21.326,98.24,0.0,56.0,1187.97,20.47,95.19,0.0,3.0,1439.25,17.12,53.78,0.0,1.0,1275.43,16.46,39.0,-105.5,7.4245,6.995176000000011,0.4293239999999887
United States,Colorado,Barley,2020,spring,183.0,182.79,0.999,136.0,153.0,20.0,5.0,3.0,2.0,0.0,0.0,0.0,11.82,23.05,30.67,47.0,21.101,4.078,12.589,1487.595,2.0,0.0,0.0,2.0,0.0,0.0,0.0,0.89,0.0,2.0,49.0,82.0,-14.32,6.0,4081.63,22.304,52.08,0.0,39.0,1414.38,12.13,85.22,0.0,2.0,1452.31,23.05,45.49,0.0,8.0,1214.94,17.07,39.0,-105.5,7.8011,7.115585523809533,0.685514476190467
United States,Colorado,Barley,2021,spring,183.0,289.21,1.58,115.0,139.0,24.0,4.0,2.0,4.0,0.0,0.0,0.0,16.18,26.29,37.58,68.0,20.805,4.518,12.662,1503.31,3.0,0.0,0.0,3.0,0.0,1.0,0.0,2.5,0.0,3.0,45.0,80.0,-10.91,5.0,3971.02,21.7,103.52,0.0,42.0,1244.77,20.51,130.01,0.0,1.0,1464.88,25.95,55.68,0.0,2.0,1261.37,17.21,39.0,-105.5,5.9719,7.077131095238101,-1.1052310952381008
United States,Colorado,Barley,2022,spring,183.0,318.58,1.741,114.0,136.0,16.0,6.0,2.0,6.0,1.0,1.0,0.0,27.12,37.97,55.91,69.0,20.681,4.373,12.527,1484.87,2.0,0.0,0.0,2.0,0.0,0.0,0.0,0.61,0.0,1.0,52.0,79.0,-12.12,4.0,3934.62,21.501,80.22,0.0,50.0,1330.7,28.79,129.67,0.0,2.0,1415.99,37.97,108.69,0.0,0.0,1187.93,29.51,39.0,-105.5,5.9719,6.966789857142865,-0.9948898571428648
United States,Colorado,Barley,2023,spring,183.0,339.3,1.854,112.0,135.0,11.0,7.0,0.0,6.0,1.0,1.0,0.0,34.14,52.95,62.94,71.0,19.983,4.131,12.057,1398.08,4.0,0.0,0.0,3.0,0.0,1.0,0.0,3.13,0.0,4.0,37.0,98.0,-13.06,3.0,3904.89,21.338,128.47,0.0,35.0,1207.4,52.95,106.93,0.0,0.0,1439.22,17.34,103.9,0.0,2.0,1258.27,22.58,39.0,-105.5,7.0479,6.786534476190474,0.26136552380952605
United States,Colorado,Barley,2024,spring,183.0,251.73,1.376,122.0,144.0,18.0,7.0,1.0,4.0,0.0,0.0,0.0,17.07,28.94,40.62,61.0,20.726,4.48,12.603,1478.62,3.0,0.0,0.0,2.0,0.0,0.0,0.0,1.27,0.0,3.0,51.0,78.0,-8.87,3.0,4083.45,22.314,89.36,0.0,51.0,1355.86,28.94,78.52,0.0,0.0,1520.04,17.12,83.85,0.0,0.0,1207.55,13.75,39.0,-105.5,7.8011,7.014210809523816,0.7868891904761837
United States,Colorado,Barley,2025,spring,183.0,287.74,1.572,116.0,137.0,17.0,4.0,1.0,5.0,0.0,0.0,0.0,19.57,30.91,52.02,67.0,20.877,4.421,12.649,1488.63,2.0,0.0,0.0,1.0,0.0,0.0,0.0,0.63,0.0,2.0,43.0,83.0,-10.34,6.0,3814.05,20.842,85.55,0.0,43.0,1272.8,30.91,98.18,0.0,0.0,1410.33,20.19,104.01,0.0,0.0,1130.92,27.98,39.0,-105.5,6.7789,6.991281904761909,-0.21238190476190866
United States,Illinois,Wheat,2019,winter,303.0,966.4,3.189,195.0,214.0,12.0,6.0,0.0,35.0,9.0,6.0,1.0,50.55,73.26,77.05,108.0,13.602,3.28,8.441,1879.745,11.0,0.0,0.0,5.0,0.0,2.0,0.0,21.32,0.0,9.0,134.0,175.0,-28.39,15.0,3778.5,12.47,275.23,0.0,33.0,1081.32,73.26,248.08,0.0,90.0,850.52,42.29,443.09,0.0,11.0,1846.66,49.98,40.0,-89.0,4.5058,4.237408714285717,0.2683912857142827
United States,Illinois,Wheat,2020,winter,304.0,894.94,2.944,204.0,226.0,11.0,6.0,0.0,33.0,9.0,7.0,0.0,46.58,83.5,92.87,100.0,14.42,4.029,9.224,1889.07,14.0,0.0,0.0,5.0,0.0,2.0,0.0,14.99,0.0,13.0,126.0,183.0,-18.47,15.0,3835.38,12.616,255.19,0.0,34.0,1102.01,47.02,277.33,0.0,82.0,782.06,83.5,362.42,0.0,10.0,1951.31,54.27,40.0,-89.0,4.5731,4.338215190476191,0.23488480952380897
United States,Illinois,Wheat,2021,winter,303.0,820.0,2.706,213.0,227.0,15.0,10.0,2.0,29.0,11.0,3.0,0.0,38.36,89.57,143.84,90.0,14.409,3.386,8.898,1937.535,6.0,0.0,0.0,2.0,0.0,0.0,0.0,6.78,0.0,2.0,121.0,173.0,-26.57,9.0,3997.65,13.194,200.24,0.0,24.0,1109.66,35.48,208.39,0.0,89.0,919.8,41.13,411.37,0.0,8.0,1968.19,89.57,40.0,-89.0,5.3128,4.238267476190476,1.0745325238095242
United States,Illinois,Wheat,2022,winter,303.0,782.31,2.582,213.0,226.0,22.0,8.0,1.0,25.0,6.0,4.0,1.0,53.06,55.63,75.5,90.0,14.927,3.635,9.281,2047.5,14.0,0.0,0.0,4.0,0.0,2.0,0.0,15.04,0.0,13.0,124.0,170.0,-22.2,15.0,3916.53,12.926,315.87,0.0,27.0,1107.45,55.63,191.48,0.0,83.0,920.58,31.58,274.96,0.0,14.0,1888.5,47.82,40.0,-89.0,5.3128,4.283308952380953,1.0294910476190475
United States,Illinois,Wheat,2023,winter,303.0,621.83,2.052,226.0,244.0,13.0,10.0,0.0,22.0,5.0,5.0,0.0,42.08,42.24,55.79,77.0,15.694,3.822,9.758,1982.985,22.0,0.0,0.0,5.0,0.0,5.0,0.0,31.06,0.0,14.0,117.0,178.0,-20.63,17.0,4072.33,13.44,168.45,0.0,25.0,1219.65,36.21,239.92,0.0,84.0,775.51,42.24,213.46,0.0,8.0,2077.17,41.34,40.0,-89.0,5.8508,4.341561761904764,1.5092382380952358
United States,Illinois,Wheat,2024,winter,304.0,757.63,2.492,214.0,231.0,21.0,7.0,2.0,28.0,7.0,4.0,0.0,30.27,53.43,63.18,90.0,16.401,5.15,10.776,2259.755,22.0,0.0,0.0,5.0,0.0,3.0,0.0,31.38,0.0,17.0,104.0,154.0,-27.24,15.0,4075.63,13.407,198.92,0.0,19.0,1111.29,32.82,226.31,0.0,74.0,921.75,40.87,332.4,0.0,11.0,2042.59,53.43,40.0,-89.0,5.7836,4.470177000000001,1.3134229999999985
United States,Illinois,Wheat,2025,winter,303.0,702.61,2.319,209.0,235.0,25.0,9.0,3.0,14.0,6.0,5.0,2.0,70.39,83.92,94.71,94.0,15.573,4.227,9.9,2198.19,19.0,0.0,0.0,8.0,0.0,2.0,0.0,45.64,0.0,16.0,100.0,152.0,-21.45,11.0,4087.16,13.489,223.64,0.0,15.0,1210.71,83.92,150.84,0.0,81.0,945.07,40.73,328.13,0.0,4.0,1931.38,50.16,40.0,-89.0,5.9181,4.1509552857142875,1.7671447142857124
United States,Illinois,Oats,2019,spring,183.0,603.55,3.298,104.0,117.0,9.0,1.0,0.0,21.0,3.0,2.0,0.0,36.66,42.23,77.05,79.0,25.356,14.879,20.117,2771.89,26.0,0.0,0.0,5.0,0.0,4.0,0.0,27.74,0.0,18.0,4.0,11.0,-3.55,1.0,3523.13,19.252,254.6,0.0,4.0,1054.05,39.41,191.97,0.0,0.0,1379.22,42.23,156.98,0.0,0.0,1089.86,34.19,40.0,-89.0,2.3314,2.706911095238091,-0.3755110952380911
United States,Illinois,Oats,2020,spring,183.0,586.03,3.202,116.0,133.0,14.0,4.0,1.0,21.0,7.0,6.0,0.0,34.61,54.27,92.87,67.0,24.487,13.404,18.945,2562.49,22.0,0.0,0.0,8.0,0.0,2.0,0.0,27.59,0.0,18.0,7.0,28.0,-3.58,1.0,3701.4,20.226,238.02,0.0,7.0,1131.58,54.27,255.05,0.0,0.0,1438.85,46.16,92.96,0.0,0.0,1130.97,21.35,40.0,-89.0,2.0803,2.657900714285713,-0.5776007142857131
United States,Illinois,Oats,2021,spring,183.0,657.09,3.591,114.0,126.0,12.0,6.0,0.0,25.0,9.0,5.0,0.0,38.36,89.57,143.84,69.0,25.016,14.277,19.646,2692.525,20.0,0.0,0.0,3.0,0.0,3.0,0.0,16.87,0.0,11.0,6.0,23.0,-5.23,2.0,3587.8,19.605,167.44,0.0,6.0,1163.99,35.03,308.57,0.0,0.0,1277.26,89.57,181.08,0.0,0.0,1146.55,34.95,40.0,-89.0,2.977,2.7215608095238077,0.2554391904761921
United States,Illinois,Oats,2022,spring,183.0,486.53,2.659,109.0,126.0,8.0,3.0,0.0,13.0,3.0,2.0,0.0,31.43,50.67,60.4,74.0,25.762,13.96,19.861,2726.175,46.0,2.0,0.0,7.0,1.0,7.0,0.0,77.73,0.73,26.0,9.0,26.0,-3.24,2.0,3551.08,19.405,164.98,0.0,9.0,1060.91,26.18,133.59,2.0,0.0,1372.15,50.67,187.96,0.0,0.0,1118.02,40.8,40.0,-89.0,2.977,2.7139875714285693,0.2630124285714306
United States,Illinois,Oats,2023,spring,183.0,411.08,2.246,127.0,139.0,13.0,6.0,0.0,13.0,5.0,3.0,0.0,32.11,53.01,70.66,56.0,26.966,13.821,20.393,2817.425,58.0,9.0,0.0,14.0,4.0,9.0,2.0,146.69,11.07,37.0,4.0,22.0,-1.6,1.0,3729.86,20.382,102.95,0.0,4.0,1262.07,41.34,158.12,4.0,0.0,1408.75,53.01,150.01,5.0,0.0,1059.04,37.27,40.0,-89.0,3.228,2.6950171428571434,0.5329828571428568
United States,Illinois,Oats,2024,spring,183.0,687.0,3.754,115.0,126.0,19.0,5.0,1.0,24.0,6.0,3.0,2.0,75.27,89.11,108.33,68.0,26.459,14.624,20.542,2848.735,48.0,4.0,0.0,8.0,2.0,6.0,0.0,96.14,2.86,32.0,5.0,12.0,-2.45,1.0,3703.17,20.236,265.61,0.0,5.0,1174.11,53.43,245.03,0.0,0.0,1375.73,89.11,176.36,4.0,0.0,1153.33,83.92,40.0,-89.0,3.3356,2.717943904761906,0.6176560952380941
United States,Illinois,Oats,2025,spring,183.0,482.16,2.635,117.0,131.0,16.0,5.0,2.0,15.0,3.0,2.0,0.0,37.85,50.16,66.68,66.0,26.714,14.839,20.776,2890.685,58.0,3.0,0.0,16.0,2.0,9.0,0.0,144.61,2.31,41.0,3.0,12.0,-4.68,1.0,3664.64,20.025,190.9,0.0,3.0,1116.32,50.16,228.65,0.0,0.0,1326.99,40.48,62.61,3.0,0.0,1221.33,27.23,40.0,-89.0,3.5509,2.6170029047619034,0.9338970952380965
United States,Iowa,Oats,2019,spring,183.0,627.0,3.426,98.0,115.0,8.0,2.0,0.0,16.0,6.0,2.0,0.0,40.56,46.77,83.12,85.0,23.73,13.249,18.49,2476.135,9.0,0.0,0.0,3.0,0.0,2.0,0.0,8.45,0.0,6.0,8.0,28.0,-3.08,3.0,3380.73,18.474,242.25,0.0,8.0,1029.25,45.76,178.08,0.0,0.0,1328.77,38.89,206.67,0.0,0.0,1022.71,46.77,42.0,-93.5,2.0803,2.453077523809526,-0.3727775238095261
United States,Iowa,Oats,2020,spring,183.0,429.91,2.349,124.0,138.0,14.0,6.0,1.0,14.0,2.0,2.0,0.0,28.78,57.53,80.0,59.0,24.692,12.914,18.803,2564.61,48.0,7.0,0.0,10.0,6.0,5.0,1.0,116.37,10.46,34.0,13.0,25.0,-7.27,3.0,3645.93,19.923,158.41,0.0,13.0,1116.32,38.42,142.86,1.0,0.0,1448.16,29.13,128.64,6.0,0.0,1081.45,57.53,42.0,-93.5,2.7976,2.597317952380953,0.200282047619047
United States,Iowa,Oats,2021,spring,183.0,380.96,2.082,130.0,141.0,21.0,7.0,4.0,14.0,2.0,0.0,0.0,21.69,38.36,58.23,53.0,26.813,14.125,20.469,2839.96,73.0,9.0,1.0,18.0,2.0,6.0,0.0,215.89,11.96,57.0,7.0,23.0,-6.19,3.0,3725.11,20.356,101.81,0.0,7.0,1161.35,22.38,139.15,8.0,0.0,1443.05,38.36,140.0,1.0,0.0,1120.71,25.64,42.0,-93.5,2.7618,2.500735000000002,0.2610649999999981
United States,Iowa,Oats,2022,spring,183.0,480.91,2.628,119.0,134.0,8.0,5.0,0.0,14.0,5.0,3.0,0.0,42.35,50.7,59.42,64.0,25.857,13.206,19.532,2682.72,64.0,8.0,0.0,9.0,3.0,12.0,1.0,182.38,17.44,45.0,14.0,33.0,-4.95,3.0,3650.72,19.949,165.91,0.0,14.0,1031.83,35.85,187.38,2.0,0.0,1477.83,46.66,127.62,6.0,0.0,1141.06,50.7,42.0,-93.5,2.9411,2.6183170476190485,0.32278295238095156
United States,Iowa,Oats,2023,spring,183.0,385.75,2.108,131.0,143.0,16.0,8.0,2.0,10.0,4.0,2.0,0.0,32.58,40.15,63.59,52.0,26.927,13.638,20.282,2808.06,56.0,13.0,0.0,11.0,6.0,8.0,3.0,182.51,26.98,45.0,8.0,26.0,-5.39,2.0,3718.04,20.317,124.42,0.0,8.0,1267.58,30.34,146.31,4.0,0.0,1366.99,40.03,115.02,9.0,0.0,1083.47,40.15,42.0,-93.5,2.8694,2.544449380952381,0.32495061904761924
United States,Iowa,Oats,2024,spring,183.0,624.87,3.415,115.0,133.0,18.0,5.0,1.0,23.0,9.0,4.0,0.0,44.78,82.37,95.58,68.0,26.138,13.879,20.008,2747.275,43.0,2.0,0.0,7.0,1.0,8.0,0.0,85.59,5.09,26.0,4.0,15.0,-2.12,1.0,3659.18,19.996,275.42,0.0,4.0,1178.75,82.37,265.1,0.0,0.0,1329.28,54.95,84.35,2.0,0.0,1151.15,26.34,42.0,-93.5,2.9411,2.5325930000000003,0.40850699999999973
United States,Iowa,Oats,2025,spring,183.0,711.52,3.888,114.0,129.0,14.0,6.0,1.0,25.0,8.0,7.0,0.0,46.8,63.6,87.14,69.0,24.942,13.695,19.318,2629.535,28.0,0.0,0.0,4.0,0.0,4.0,0.0,40.11,0.0,13.0,7.0,20.0,-5.09,1.0,3586.24,19.597,165.51,0.0,7.0,1176.46,63.47,423.5,0.0,0.0,1326.36,63.6,122.51,0.0,0.0,1083.42,38.84,42.0,-93.5,3.2998,2.4991016190476185,0.8006983809523813
United States,Kansas,Wheat,2019,winter,303.0,1001.04,3.304,218.0,230.0,23.0,12.0,3.0,33.0,16.0,11.0,0.0,47.36,114.85,160.39,85.0,14.796,3.633,9.214,1958.91,19.0,0.0,0.0,8.0,0.0,2.0,0.0,36.33,0.0,13.0,127.0,168.0,-18.19,12.0,4286.56,14.147,345.91,0.0,32.0,1190.43,114.85,127.75,0.0,89.0,998.4,41.68,527.38,0.0,6.0,2097.73,100.49,38.5,-98.0,3.4971,3.030519904761905,0.4665800952380952
United States,Kansas,Wheat,2020,winter,304.0,496.14,1.632,227.0,243.0,30.0,12.0,3.0,13.0,5.0,2.0,0.0,26.62,43.97,64.16,77.0,16.615,4.735,10.675,2170.79,39.0,4.0,0.0,9.0,2.0,5.0,0.0,108.07,2.39,31.0,125.0,176.0,-12.92,22.0,4543.59,14.946,87.56,0.0,34.0,1336.99,23.77,156.47,0.0,79.0,1015.24,36.04,252.11,4.0,12.0,2191.36,43.97,38.5,-98.0,3.0263,2.726826047619046,0.299473952380954
United States,Kansas,Wheat,2021,winter,303.0,557.14,1.839,236.0,256.0,40.0,11.0,3.0,21.0,8.0,4.0,0.0,30.11,42.04,66.93,67.0,16.711,4.41,10.561,2187.67,30.0,14.0,0.0,13.0,6.0,5.0,3.0,125.38,26.91,26.0,115.0,167.0,-22.84,10.0,4446.06,14.673,135.34,5.0,26.0,1322.48,42.04,125.04,0.0,83.0,1046.18,32.64,296.76,9.0,6.0,2077.4,41.47,38.5,-98.0,3.4971,2.8605353809523812,0.6365646190476189
United States,Kansas,Wheat,2022,winter,303.0,561.54,1.853,244.0,253.0,34.0,13.0,4.0,18.0,8.0,5.0,0.0,48.24,93.58,95.73,59.0,18.531,5.378,11.955,2518.12,52.0,14.0,0.0,11.0,3.0,9.0,2.0,181.46,19.8,40.0,102.0,160.0,-16.09,13.0,4749.19,15.674,175.65,5.0,13.0,1364.94,67.23,55.83,0.0,83.0,1208.07,18.73,330.06,9.0,6.0,2176.18,93.58,38.5,-98.0,2.4883,2.8099658095238085,-0.3216658095238083
United States,Kansas,Wheat,2023,winter,303.0,424.56,1.401,241.0,257.0,20.0,14.0,5.0,13.0,2.0,1.0,0.0,34.28,38.24,48.2,62.0,18.102,4.811,11.456,2415.945,48.0,12.0,0.0,10.0,4.0,7.0,2.0,159.45,23.48,32.0,127.0,165.0,-20.07,13.0,4742.7,15.652,104.84,9.0,30.0,1423.07,38.24,76.81,0.0,90.0,1084.24,14.84,242.91,3.0,7.0,2235.39,31.61,38.5,-98.0,2.3538,2.5158041904761896,-0.16200419047618952
United States,Kansas,Wheat,2024,winter,304.0,509.2,1.675,232.0,250.0,31.0,16.0,1.0,16.0,3.0,1.0,0.0,26.83,40.09,57.94,72.0,19.064,5.95,12.507,2711.82,53.0,15.0,0.0,10.0,5.0,6.0,2.0,199.27,33.77,38.0,91.0,151.0,-22.53,13.0,4658.15,15.323,120.5,7.0,24.0,1347.37,24.75,128.22,0.0,62.0,1071.19,23.84,260.48,8.0,5.0,2239.59,40.09,38.5,-98.0,2.8918,2.7420801904761904,0.14971980952380948
United States,Kansas,Wheat,2025,winter,303.0,616.44,2.034,235.0,242.0,28.0,12.0,5.0,20.0,9.0,4.0,0.0,48.12,58.14,86.28,68.0,18.345,5.371,11.858,2604.325,51.0,3.0,0.0,13.0,2.0,6.0,0.0,121.81,2.11,38.0,95.0,141.0,-19.94,12.0,4703.65,15.524,207.01,3.0,17.0,1415.26,45.6,41.25,0.0,77.0,1121.44,12.51,368.18,0.0,1.0,2166.95,58.14,38.5,-98.0,3.4298,2.9129935238095253,0.5168064761904749
United States,Kansas,Barley,2019,spring,183.0,780.54,4.265,105.0,117.0,12.0,5.0,0.0,27.0,12.0,7.0,0.0,47.36,100.49,128.61,78.0,26.538,15.618,21.078,2944.57,58.0,1.0,0.0,10.0,1.0,8.0,0.0,102.66,0.09,37.0,4.0,11.0,-2.99,1.0,3875.51,21.178,374.94,0.0,4.0,1191.97,100.49,185.32,0.0,0.0,1565.81,68.48,220.28,1.0,0.0,1117.73,50.53,38.5,-98.0,1.7754,2.3904929523809497,-0.6150929523809496
United States,Kansas,Barley,2020,spring,183.0,497.16,2.717,123.0,134.0,19.0,6.0,2.0,18.0,8.0,2.0,0.0,26.62,43.97,66.54,60.0,27.62,14.849,21.234,2979.89,82.0,19.0,0.0,20.0,7.0,8.0,2.0,297.5,27.35,55.0,11.0,16.0,-5.18,3.0,3965.75,21.671,153.89,0.0,11.0,1213.94,39.78,261.94,5.0,0.0,1543.38,43.97,81.33,14.0,0.0,1208.43,42.04,38.5,-98.0,2.7438,2.2963110476190467,0.4474889523809531
United States,Kansas,Barley,2021,spring,183.0,495.99,2.71,119.0,136.0,13.0,5.0,0.0,18.0,4.0,3.0,0.0,33.98,67.23,95.24,64.0,28.578,15.933,22.255,3159.65,92.0,38.0,2.0,31.0,6.0,10.0,7.0,389.95,86.73,69.0,4.0,17.0,-2.9,1.0,3889.68,21.255,194.96,0.0,4.0,1160.14,41.38,118.21,19.0,0.0,1482.07,37.66,182.82,19.0,0.0,1247.47,67.23,38.5,-98.0,3.5509,2.04918838095238,1.50171161904762
United States,Kansas,Barley,2022,spring,183.0,477.73,2.611,135.0,141.0,20.0,8.0,2.0,16.0,6.0,3.0,0.0,48.24,93.58,95.73,48.0,30.177,16.262,23.219,3334.165,109.0,55.0,8.0,24.0,12.0,11.0,8.0,562.94,145.34,86.0,3.0,17.0,-0.63,0.0,4076.52,22.276,207.6,0.0,3.0,1278.6,93.58,195.51,26.0,0.0,1486.48,45.94,74.62,29.0,0.0,1311.44,27.03,38.5,-98.0,1.8292,2.1995740476190453,-0.37037404761904535
United States,Kansas,Barley,2023,spring,183.0,432.06,2.361,120.0,134.0,15.0,6.0,1.0,14.0,3.0,1.0,0.0,26.49,31.93,60.45,63.0,30.22,16.013,23.116,3315.53,103.0,40.0,15.0,30.0,11.0,10.0,5.0,488.8,143.39,69.0,2.0,17.0,-3.14,1.0,4065.65,22.217,102.88,1.0,2.0,1353.8,31.61,215.83,18.0,0.0,1435.1,29.21,113.35,21.0,0.0,1276.75,31.93,38.5,-98.0,1.5602,1.9706698095238084,-0.4104698095238084
United States,Kansas,Barley,2024,spring,183.0,471.18,2.575,116.0,132.0,11.0,7.0,0.0,12.0,4.0,2.0,0.0,32.88,47.2,64.88,67.0,30.267,16.482,23.374,3362.5,101.0,40.0,6.0,31.0,13.0,8.0,4.0,459.51,117.66,68.0,0.0,10.0,0.78,0.0,4007.22,21.897,121.75,0.0,0.0,1314.07,33.0,194.59,24.0,0.0,1465.98,40.09,154.84,16.0,0.0,1227.17,47.2,38.5,-98.0,4.0351,2.1115320476190456,1.9235679523809543
United States,Kansas,Barley,2025,spring,183.0,704.65,3.851,103.0,117.0,11.0,3.0,0.0,28.0,9.0,3.0,0.0,48.12,58.14,86.28,80.0,28.178,16.011,22.094,3128.25,72.0,15.0,1.0,12.0,4.0,10.0,2.0,248.38,26.65,49.0,1.0,9.0,-2.63,0.0,3844.34,21.007,199.13,0.0,1.0,1266.53,53.81,270.73,8.0,0.0,1467.36,58.14,234.79,7.0,0.0,1110.45,41.44,38.5,-98.0,2.7438,2.139905999999999,0.6038940000000008
United States,Kansas,Oats,2019,spring,183.0,780.54,4.265,105.0,117.0,12.0,5.0,0.0,27.0,12.0,7.0,0.0,47.36,100.49,128.61,78.0,26.538,15.618,21.078,2944.57,58.0,1.0,0.0,10.0,1.0,8.0,0.0,102.66,0.09,37.0,4.0,11.0,-2.99,1.0,3875.51,21.178,374.94,0.0,4.0,1191.97,100.49,185.32,0.0,0.0,1565.81,68.48,220.28,1.0,0.0,1117.73,50.53,38.5,-98.0,2.2955,1.8299385714285723,0.4655614285714278
United States,Kansas,Oats,2020,spring,183.0,497.16,2.717,123.0,134.0,19.0,6.0,2.0,18.0,8.0,2.0,0.0,26.62,43.97,66.54,60.0,27.62,14.849,21.234,2979.89,82.0,19.0,0.0,20.0,7.0,8.0,2.0,297.5,27.35,55.0,11.0,16.0,-5.18,3.0,3965.75,21.671,153.89,0.0,11.0,1213.94,39.78,261.94,5.0,0.0,1543.38,43.97,81.33,14.0,0.0,1208.43,42.04,38.5,-98.0,1.8651,1.9012128095238106,-0.036112809523810574
United States,Kansas,Oats,2021,spring,183.0,495.99,2.71,119.0,136.0,13.0,5.0,0.0,18.0,4.0,3.0,0.0,33.98,67.23,95.24,64.0,28.578,15.933,22.255,3159.65,92.0,38.0,2.0,31.0,6.0,10.0,7.0,389.95,86.73,69.0,4.0,17.0,-2.9,1.0,3889.68,21.255,194.96,0.0,4.0,1160.14,41.38,118.21,19.0,0.0,1482.07,37.66,182.82,19.0,0.0,1247.47,67.23,38.5,-98.0,1.7934,1.9211323333333352,-0.1277323333333351
United States,Kansas,Oats,2022,spring,183.0,477.73,2.611,135.0,141.0,20.0,8.0,2.0,16.0,6.0,3.0,0.0,48.24,93.58,95.73,48.0,30.177,16.262,23.219,3334.165,109.0,55.0,8.0,24.0,12.0,11.0,8.0,562.94,145.34,86.0,3.0,17.0,-0.63,0.0,4076.52,22.276,207.6,0.0,3.0,1278.6,93.58,195.51,26.0,0.0,1486.48,45.94,74.62,29.0,0.0,1311.44,27.03,38.5,-98.0,1.4706,1.7065750952380956,-0.23597509523809568
United States,Kansas,Oats,2023,spring,183.0,432.06,2.361,120.0,134.0,15.0,6.0,1.0,14.0,3.0,1.0,0.0,26.49,31.93,60.45,63.0,30.22,16.013,23.116,3315.53,103.0,40.0,15.0,30.0,11.0,10.0,5.0,488.8,143.39,69.0,2.0,17.0,-3.14,1.0,4065.65,22.217,102.88,1.0,2.0,1353.8,31.61,215.83,18.0,0.0,1435.1,29.21,113.35,21.0,0.0,1276.75,31.93,38.5,-98.0,2.3672,1.666712333333333,0.7004876666666671
United States,Kansas,Oats,2024,spring,183.0,471.18,2.575,116.0,132.0,11.0,7.0,0.0,12.0,4.0,2.0,0.0,32.88,47.2,64.88,67.0,30.267,16.482,23.374,3362.5,101.0,40.0,6.0,31.0,13.0,8.0,4.0,459.51,117.66,68.0,0.0,10.0,0.78,0.0,4007.22,21.897,121.75,0.0,0.0,1314.07,33.0,194.59,24.0,0.0,1465.98,40.09,154.84,16.0,0.0,1227.17,47.2,38.5,-98.0,2.3672,1.7502743333333353,0.6169256666666647
United States,Kansas,Oats,2025,spring,183.0,704.65,3.851,103.0,117.0,11.0,3.0,0.0,28.0,9.0,3.0,0.0,48.12,58.14,86.28,80.0,28.178,16.011,22.094,3128.25,72.0,15.0,1.0,12.0,4.0,10.0,2.0,248.38,26.65,49.0,1.0,9.0,-2.63,0.0,3844.34,21.007,199.13,0.0,1.0,1266.53,53.81,270.73,8.0,0.0,1467.36,58.14,234.79,7.0,0.0,1110.45,41.44,38.5,-98.0,2.0803,1.954248285714286,0.12605171428571382
United States,Kansas,Canola,2019,spring,183.0,780.54,4.265,105.0,117.0,12.0,5.0,0.0,27.0,12.0,7.0,0.0,47.36,100.49,128.61,78.0,26.538,15.618,21.078,2944.57,58.0,1.0,0.0,10.0,1.0,8.0,0.0,102.66,0.09,37.0,4.0,11.0,-2.99,1.0,3875.51,21.178,374.94,0.0,4.0,1191.97,100.49,185.32,0.0,0.0,1565.81,68.48,220.28,1.0,0.0,1117.73,50.53,38.5,-98.0,1.2217,1.8359716190476216,-0.6142716190476216
United States,Kansas,Canola,2020,spring,183.0,497.16,2.717,123.0,134.0,19.0,6.0,2.0,18.0,8.0,2.0,0.0,26.62,43.97,66.54,60.0,27.62,14.849,21.234,2979.89,82.0,19.0,0.0,20.0,7.0,8.0,2.0,297.5,27.35,55.0,11.0,16.0,-5.18,3.0,3965.75,21.671,153.89,0.0,11.0,1213.94,39.78,261.94,5.0,0.0,1543.38,43.97,81.33,14.0,0.0,1208.43,42.04,38.5,-98.0,2.0063,1.5981530000000008,0.40814699999999915
United States,Kansas,Canola,2021,spring,183.0,495.99,2.71,119.0,136.0,13.0,5.0,0.0,18.0,4.0,3.0,0.0,33.98,67.23,95.24,64.0,28.578,15.933,22.255,3159.65,92.0,38.0,2.0,31.0,6.0,10.0,7.0,389.95,86.73,69.0,4.0,17.0,-2.9,1.0,3889.68,21.255,194.96,0.0,4.0,1160.14,41.38,118.21,19.0,0.0,1482.07,37.66,182.82,19.0,0.0,1247.47,67.23,38.5,-98.0,1.345,1.602846333333337,-0.25784633333333695
United States,Kansas,Canola,2022,spring,183.0,477.73,2.611,135.0,141.0,20.0,8.0,2.0,16.0,6.0,3.0,0.0,48.24,93.58,95.73,48.0,30.177,16.262,23.219,3334.165,109.0,55.0,8.0,24.0,12.0,11.0,8.0,562.94,145.34,86.0,3.0,17.0,-0.63,0.0,4076.52,22.276,207.6,0.0,3.0,1278.6,93.58,195.51,26.0,0.0,1486.48,45.94,74.62,29.0,0.0,1311.44,27.03,38.5,-98.0,0.7734,1.6013125714285732,-0.8279125714285732
United States,Kansas,Canola,2023,spring,183.0,432.06,2.361,120.0,134.0,15.0,6.0,1.0,14.0,3.0,1.0,0.0,26.49,31.93,60.45,63.0,30.22,16.013,23.116,3315.53,103.0,40.0,15.0,30.0,11.0,10.0,5.0,488.8,143.39,69.0,2.0,17.0,-3.14,1.0,4065.65,22.217,102.88,1.0,2.0,1353.8,31.61,215.83,18.0,0.0,1435.1,29.21,113.35,21.0,0.0,1276.75,31.93,38.5,-98.0,0.6725,1.4135826190476204,-0.7410826190476204
United States,Kansas,Canola,2024,spring,183.0,471.18,2.575,116.0,132.0,11.0,7.0,0.0,12.0,4.0,2.0,0.0,32.88,47.2,64.88,67.0,30.267,16.482,23.374,3362.5,101.0,40.0,6.0,31.0,13.0,8.0,4.0,459.51,117.66,68.0,0.0,10.0,0.78,0.0,4007.22,21.897,121.75,0.0,0.0,1314.07,33.0,194.59,24.0,0.0,1465.98,40.09,154.84,16.0,0.0,1227.17,47.2,38.5,-98.0,1.345,1.5381721904761934,-0.19317219047619338
United States,Kansas,Canola,2025,spring,183.0,704.65,3.851,103.0,117.0,11.0,3.0,0.0,28.0,9.0,3.0,0.0,48.12,58.14,86.28,80.0,28.178,16.011,22.094,3128.25,72.0,15.0,1.0,12.0,4.0,10.0,2.0,248.38,26.65,49.0,1.0,9.0,-2.63,0.0,3844.34,21.007,199.13,0.0,1.0,1266.53,53.81,270.73,8.0,0.0,1467.36,58.14,234.79,7.0,0.0,1110.45,41.44,38.5,-98.0,1.9727,1.8294760000000023,0.14322399999999758
United States,Minnesota,Wheat,2019,spring,183.0,669.48,3.658,99.0,119.0,7.0,1.0,0.0,26.0,7.0,2.0,0.0,28.19,44.07,70.28,84.0,20.299,9.836,15.068,1897.475,2.0,0.0,0.0,1.0,0.0,0.0,0.0,0.78,0.0,0.0,16.0,44.0,-4.88,2.0,3295.83,18.01,201.82,0.0,16.0,1023.87,43.55,214.95,0.0,0.0,1336.67,35.07,252.71,0.0,0.0,935.29,44.07,46.0,-94.0,3.8333,3.822432047619043,0.010867952380956947
United States,Minnesota,Wheat,2020,spring,183.0,456.89,2.497,117.0,133.0,10.0,4.0,0.0,14.0,4.0,2.0,0.0,33.67,56.16,68.68,66.0,20.74,10.003,15.371,1987.565,7.0,0.0,0.0,3.0,0.0,1.0,0.0,6.29,0.0,4.0,23.0,47.0,-10.11,3.0,3596.72,19.654,85.67,0.0,23.0,1212.68,18.76,214.11,0.0,0.0,1422.53,42.87,157.11,0.0,0.0,961.51,56.16,46.0,-94.0,3.5643,3.9129174285714217,-0.34861742857142186
United States,Minnesota,Wheat,2021,spring,183.0,431.52,2.358,130.0,140.0,17.0,6.0,1.0,13.0,5.0,3.0,0.0,30.36,52.56,74.12,53.0,23.357,11.363,17.36,2298.605,36.0,2.0,0.0,7.0,1.0,5.0,0.0,76.05,1.47,28.0,13.0,38.0,-5.88,4.0,3578.45,19.554,128.23,0.0,13.0,1103.74,50.96,95.89,2.0,0.0,1420.12,25.91,207.4,0.0,0.0,1054.59,52.56,46.0,-94.0,3.228,3.47585657142857,-0.24785657142856987
United States,Minnesota,Wheat,2022,spring,183.0,568.25,3.105,111.0,127.0,11.0,2.0,0.0,18.0,7.0,1.0,0.0,31.13,61.27,79.66,72.0,20.987,10.233,15.61,2033.375,9.0,0.0,0.0,2.0,0.0,0.0,0.0,13.87,0.0,5.0,25.0,43.0,-7.84,4.0,3339.71,18.25,238.96,0.0,25.0,973.17,61.27,166.1,0.0,0.0,1362.4,40.12,163.19,0.0,0.0,1004.14,37.2,46.0,-94.0,4.1023,3.839177619047612,0.2631223809523875
United States,Minnesota,Wheat,2023,spring,183.0,411.91,2.251,120.0,140.0,11.0,4.0,0.0,14.0,3.0,1.0,0.0,26.98,49.76,80.66,63.0,22.699,10.972,16.835,2279.675,22.0,3.0,0.0,5.0,2.0,3.0,0.0,54.76,5.38,15.0,19.0,31.0,-14.05,2.0,3407.78,18.622,140.35,0.0,19.0,1158.48,43.05,108.24,0.0,0.0,1336.88,45.17,163.32,3.0,0.0,912.42,49.76,46.0,-94.0,4.1696,3.711198285714281,0.45840171428571885
United States,Minnesota,Wheat,2024,spring,183.0,707.19,3.864,105.0,118.0,12.0,5.0,0.0,25.0,7.0,4.0,1.0,61.63,66.94,87.03,78.0,21.821,10.951,16.386,2103.98,1.0,0.0,0.0,1.0,0.0,0.0,0.0,0.65,0.0,1.0,11.0,34.0,-3.33,2.0,3400.71,18.583,263.4,0.0,11.0,1103.25,66.94,283.55,0.0,0.0,1283.07,53.26,160.24,0.0,0.0,1014.39,48.78,46.0,-94.0,4.6067,3.8940868571428546,0.7126131428571454
United States,Minnesota,Wheat,2025,spring,183.0,541.11,2.957,105.0,128.0,13.0,3.0,0.0,17.0,5.0,3.0,0.0,36.36,43.18,63.13,78.0,22.082,10.944,16.513,2145.995,11.0,0.0,0.0,2.0,0.0,0.0,0.0,8.35,0.0,5.0,14.0,41.0,-6.37,3.0,3261.61,17.823,149.16,0.0,14.0,1147.99,43.18,259.73,0.0,0.0,1206.54,42.88,132.22,0.0,0.0,907.08,21.14,46.0,-94.0,4.6403,3.804840333333328,0.8354596666666718
United States,Minnesota,Barley,2019,spring,183.0,669.48,3.658,99.0,119.0,7.0,1.0,0.0,26.0,7.0,2.0,0.0,28.19,44.07,70.28,84.0,20.299,9.836,15.068,1897.475,2.0,0.0,0.0,1.0,0.0,0.0,0.0,0.78,0.0,0.0,16.0,44.0,-4.88,2.0,3295.83,18.01,201.82,0.0,16.0,1023.87,43.55,214.95,0.0,0.0,1336.67,35.07,252.71,0.0,0.0,935.29,44.07,46.0,-94.0,3.6047,3.5091295238095257,0.0955704761904741
United States,Minnesota,Barley,2020,spring,183.0,456.89,2.497,117.0,133.0,10.0,4.0,0.0,14.0,4.0,2.0,0.0,33.67,56.16,68.68,66.0,20.74,10.003,15.371,1987.565,7.0,0.0,0.0,3.0,0.0,1.0,0.0,6.29,0.0,4.0,23.0,47.0,-10.11,3.0,3596.72,19.654,85.67,0.0,23.0,1212.68,18.76,214.11,0.0,0.0,1422.53,42.87,157.11,0.0,0.0,961.51,56.16,46.0,-94.0,2.5286,3.8251761904761894,-1.2965761904761894
United States,Minnesota,Barley,2021,spring,183.0,431.52,2.358,130.0,140.0,17.0,6.0,1.0,13.0,5.0,3.0,0.0,30.36,52.56,74.12,53.0,23.357,11.363,17.36,2298.605,36.0,2.0,0.0,7.0,1.0,5.0,0.0,76.05,1.47,28.0,13.0,38.0,-5.88,4.0,3578.45,19.554,128.23,0.0,13.0,1103.74,50.96,95.89,2.0,0.0,1420.12,25.91,207.4,0.0,0.0,1054.59,52.56,46.0,-94.0,2.959,3.1194393333333315,-0.16043933333333138
United States,Minnesota,Barley,2022,spring,183.0,568.25,3.105,111.0,127.0,11.0,2.0,0.0,18.0,7.0,1.0,0.0,31.13,61.27,79.66,72.0,20.987,10.233,15.61,2033.375,9.0,0.0,0.0,2.0,0.0,0.0,0.0,13.87,0.0,5.0,25.0,43.0,-7.84,4.0,3339.71,18.25,238.96,0.0,25.0,973.17,61.27,166.1,0.0,0.0,1362.4,40.12,163.19,0.0,0.0,1004.14,37.2,46.0,-94.0,3.8737,3.494577333333335,0.3791226666666647
United States,Minnesota,Barley,2023,spring,183.0,411.91,2.251,120.0,140.0,11.0,4.0,0.0,14.0,3.0,1.0,0.0,26.98,49.76,80.66,63.0,22.699,10.972,16.835,2279.675,22.0,3.0,0.0,5.0,2.0,3.0,0.0,54.76,5.38,15.0,19.0,31.0,-14.05,2.0,3407.78,18.622,140.35,0.0,19.0,1158.48,43.05,108.24,0.0,0.0,1336.88,45.17,163.32,3.0,0.0,912.42,49.76,46.0,-94.0,3.9813,3.40802595238095,0.5732740476190501
United States,Minnesota,Barley,2024,spring,183.0,707.19,3.864,105.0,118.0,12.0,5.0,0.0,25.0,7.0,4.0,1.0,61.63,66.94,87.03,78.0,21.821,10.951,16.386,2103.98,1.0,0.0,0.0,1.0,0.0,0.0,0.0,0.65,0.0,1.0,11.0,34.0,-3.33,2.0,3400.71,18.583,263.4,0.0,11.0,1103.25,66.94,283.55,0.0,0.0,1283.07,53.26,160.24,0.0,0.0,1014.39,48.78,46.0,-94.0,3.7661,3.387755571428572,0.3783444285714279
United States,Minnesota,Barley,2025,spring,183.0,541.11,2.957,105.0,128.0,13.0,3.0,0.0,17.0,5.0,3.0,0.0,36.36,43.18,63.13,78.0,22.082,10.944,16.513,2145.995,11.0,0.0,0.0,2.0,0.0,0.0,0.0,8.35,0.0,5.0,14.0,41.0,-6.37,3.0,3261.61,17.823,149.16,0.0,14.0,1147.99,43.18,259.73,0.0,0.0,1206.54,42.88,132.22,0.0,0.0,907.08,21.14,46.0,-94.0,4.0351,3.473929523809524,0.5611704761904761
United States,Minnesota,Oats,2019,spring,183.0,669.48,3.658,99.0,119.0,7.0,1.0,0.0,26.0,7.0,2.0,0.0,28.19,44.07,70.28,84.0,20.299,9.836,15.068,1897.475,2.0,0.0,0.0,1.0,0.0,0.0,0.0,0.78,0.0,0.0,16.0,44.0,-4.88,2.0,3295.83,18.01,201.82,0.0,16.0,1023.87,43.55,214.95,0.0,0.0,1336.67,35.07,252.71,0.0,0.0,935.29,44.07,46.0,-94.0,2.2238,2.448910047619046,-0.22511004761904596
United States,Minnesota,Oats,2020,spring,183.0,456.89,2.497,117.0,133.0,10.0,4.0,0.0,14.0,4.0,2.0,0.0,33.67,56.16,68.68,66.0,20.74,10.003,15.371,1987.565,7.0,0.0,0.0,3.0,0.0,1.0,0.0,6.29,0.0,4.0,23.0,47.0,-10.11,3.0,3596.72,19.654,85.67,0.0,23.0,1212.68,18.76,214.11,0.0,0.0,1422.53,42.87,157.11,0.0,0.0,961.51,56.16,46.0,-94.0,2.3672,2.4402651428571427,-0.07306514285714272
United States,Minnesota,Oats,2021,spring,183.0,431.52,2.358,130.0,140.0,17.0,6.0,1.0,13.0,5.0,3.0,0.0,30.36,52.56,74.12,53.0,23.357,11.363,17.36,2298.605,36.0,2.0,0.0,7.0,1.0,5.0,0.0,76.05,1.47,28.0,13.0,38.0,-5.88,4.0,3578.45,19.554,128.23,0.0,13.0,1103.74,50.96,95.89,2.0,0.0,1420.12,25.91,207.4,0.0,0.0,1054.59,52.56,46.0,-94.0,2.0444,2.29534138095238,-0.25094138095237994
United States,Minnesota,Oats,2022,spring,183.0,568.25,3.105,111.0,127.0,11.0,2.0,0.0,18.0,7.0,1.0,0.0,31.13,61.27,79.66,72.0,20.987,10.233,15.61,2033.375,9.0,0.0,0.0,2.0,0.0,0.0,0.0,13.87,0.0,5.0,25.0,43.0,-7.84,4.0,3339.71,18.25,238.96,0.0,25.0,973.17,61.27,166.1,0.0,0.0,1362.4,40.12,163.19,0.0,0.0,1004.14,37.2,46.0,-94.0,2.1879,2.2491239047619063,-0.06122390476190631
United States,Minnesota,Oats,2023,spring,183.0,411.91,2.251,120.0,140.0,11.0,4.0,0.0,14.0,3.0,1.0,0.0,26.98,49.76,80.66,63.0,22.699,10.972,16.835,2279.675,22.0,3.0,0.0,5.0,2.0,3.0,0.0,54.76,5.38,15.0,19.0,31.0,-14.05,2.0,3407.78,18.622,140.35,0.0,19.0,1158.48,43.05,108.24,0.0,0.0,1336.88,45.17,163.32,3.0,0.0,912.42,49.76,46.0,-94.0,2.7618,2.3738973809523802,0.3879026190476198
United States,Minnesota,Oats,2024,spring,183.0,707.19,3.864,105.0,118.0,12.0,5.0,0.0,25.0,7.0,4.0,1.0,61.63,66.94,87.03,78.0,21.821,10.951,16.386,2103.98,1.0,0.0,0.0,1.0,0.0,0.0,0.0,0.65,0.0,1.0,11.0,34.0,-3.33,2.0,3400.71,18.583,263.4,0.0,11.0,1103.25,66.94,283.55,0.0,0.0,1283.07,53.26,160.24,0.0,0.0,1014.39,48.78,46.0,-94.0,3.1563,2.3854549523809543,0.7708450476190456
United States,Minnesota,Oats,2025,spring,183.0,541.11,2.957,105.0,128.0,13.0,3.0,0.0,17.0,5.0,3.0,0.0,36.36,43.18,63.13,78.0,22.082,10.944,16.513,2145.995,11.0,0.0,0.0,2.0,0.0,0.0,0.0,8.35,0.0,5.0,14.0,41.0,-6.37,3.0,3261.61,17.823,149.16,0.0,14.0,1147.99,43.18,259.73,0.0,0.0,1206.54,42.88,132.22,0.0,0.0,907.08,21.14,46.0,-94.0,3.1204,2.3478301428571426,0.7725698571428574
United States,Minnesota,Canola,2019,spring,183.0,669.48,3.658,99.0,119.0,7.0,1.0,0.0,26.0,7.0,2.0,0.0,28.19,44.07,70.28,84.0,20.299,9.836,15.068,1897.475,2.0,0.0,0.0,1.0,0.0,0.0,0.0,0.78,0.0,0.0,16.0,44.0,-4.88,2.0,3295.83,18.01,201.82,0.0,16.0,1023.87,43.55,214.95,0.0,0.0,1336.67,35.07,252.71,0.0,0.0,935.29,44.07,46.0,-94.0,2.5443,2.0708651904761917,0.4734348095238081
United States,Minnesota,Canola,2020,spring,183.0,456.89,2.497,117.0,133.0,10.0,4.0,0.0,14.0,4.0,2.0,0.0,33.67,56.16,68.68,66.0,20.74,10.003,15.371,1987.565,7.0,0.0,0.0,3.0,0.0,1.0,0.0,6.29,0.0,4.0,23.0,47.0,-10.11,3.0,3596.72,19.654,85.67,0.0,23.0,1212.68,18.76,214.11,0.0,0.0,1422.53,42.87,157.11,0.0,0.0,961.51,56.16,46.0,-94.0,1.7597,2.0626006666666648,-0.3029006666666647
United States,Minnesota,Canola,2021,spring,183.0,431.52,2.358,130.0,140.0,17.0,6.0,1.0,13.0,5.0,3.0,0.0,30.36,52.56,74.12,53.0,23.357,11.363,17.36,2298.605,36.0,2.0,0.0,7.0,1.0,5.0,0.0,76.05,1.47,28.0,13.0,38.0,-5.88,4.0,3578.45,19.554,128.23,0.0,13.0,1103.74,50.96,95.89,2.0,0.0,1420.12,25.91,207.4,0.0,0.0,1054.59,52.56,46.0,-94.0,1.9054,1.655914714285716,0.24948528571428397
United States,Minnesota,Canola,2022,spring,183.0,568.25,3.105,111.0,127.0,11.0,2.0,0.0,18.0,7.0,1.0,0.0,31.13,61.27,79.66,72.0,20.987,10.233,15.61,2033.375,9.0,0.0,0.0,2.0,0.0,0.0,0.0,13.87,0.0,5.0,25.0,43.0,-7.84,4.0,3339.71,18.25,238.96,0.0,25.0,973.17,61.27,166.1,0.0,0.0,1362.4,40.12,163.19,0.0,0.0,1004.14,37.2,46.0,-94.0,2.7012,1.9821333809523822,0.7190666190476178
United States,Minnesota,Canola,2023,spring,183.0,411.91,2.251,120.0,140.0,11.0,4.0,0.0,14.0,3.0,1.0,0.0,26.98,49.76,80.66,63.0,22.699,10.972,16.835,2279.675,22.0,3.0,0.0,5.0,2.0,3.0,0.0,54.76,5.38,15.0,19.0,31.0,-14.05,2.0,3407.78,18.622,140.35,0.0,19.0,1158.48,43.05,108.24,0.0,0.0,1336.88,45.17,163.32,3.0,0.0,912.42,49.76,46.0,-94.0,2.7685,1.8670182380952394,0.9014817619047606
United States,Minnesota,Canola,2024,spring,183.0,707.19,3.864,105.0,118.0,12.0,5.0,0.0,25.0,7.0,4.0,1.0,61.63,66.94,87.03,78.0,21.821,10.951,16.386,2103.98,1.0,0.0,0.0,1.0,0.0,0.0,0.0,0.65,0.0,1.0,11.0,34.0,-3.33,2.0,3400.71,18.583,263.4,0.0,11.0,1103.25,66.94,283.55,0.0,0.0,1283.07,53.26,160.24,0.0,0.0,1014.39,48.78,46.0,-94.0,2.2977,2.025746095238095,0.27195390476190484
United States,Minnesota,Canola,2025,spring,183.0,541.11,2.957,105.0,128.0,13.0,3.0,0.0,17.0,5.0,3.0,0.0,36.36,43.18,63.13,78.0,22.082,10.944,16.513,2145.995,11.0,0.0,0.0,2.0,0.0,0.0,0.0,8.35,0.0,5.0,14.0,41.0,-6.37,3.0,3261.61,17.823,149.16,0.0,14.0,1147.99,43.18,259.73,0.0,0.0,1206.54,42.88,132.22,0.0,0.0,907.08,21.14,46.0,-94.0,2.5892,2.003737047619047,0.5854629523809529
United States,Montana,Wheat,2019,spring,183.0,429.15,2.345,100.0,122.0,13.0,1.0,0.0,10.0,0.0,0.0,0.0,16.48,30.76,38.77,83.0,18.986,6.723,12.854,1529.49,8.0,0.0,0.0,3.0,0.0,1.0,0.0,11.09,0.0,5.0,31.0,64.0,-8.64,7.0,3569.67,19.506,150.34,0.0,27.0,1070.57,29.81,139.13,0.0,0.0,1451.33,22.59,139.68,0.0,4.0,1047.77,30.76,47.0,-110.0,2.8514,2.605321666666668,0.24607833333333184
United States,Montana,Wheat,2020,spring,183.0,347.93,1.901,127.0,142.0,14.0,7.0,1.0,9.0,1.0,1.0,0.0,34.66,60.17,77.04,56.0,20.18,6.634,13.407,1662.205,13.0,0.0,0.0,2.0,0.0,0.0,0.0,15.74,0.0,12.0,28.0,62.0,-13.84,5.0,3828.82,20.923,128.11,0.0,26.0,1231.27,31.65,172.89,0.0,0.0,1486.5,60.17,46.93,0.0,2.0,1111.05,18.8,47.0,-110.0,2.8044,2.432872142857145,0.37152785714285486
United States,Montana,Wheat,2021,spring,183.0,276.21,1.509,127.0,146.0,18.0,6.0,1.0,6.0,0.0,0.0,0.0,17.8,35.52,40.92,56.0,21.889,7.784,14.837,1902.33,38.0,3.0,0.0,7.0,2.0,6.0,0.0,79.06,0.63,32.0,31.0,63.0,-7.2,3.0,3666.02,20.033,130.32,0.0,31.0,1124.03,26.68,62.69,3.0,0.0,1527.04,10.64,83.2,0.0,0.0,1014.95,35.52,47.0,-110.0,1.493,2.1950810476190488,-0.7020810476190487
United States,Montana,Wheat,2022,spring,183.0,330.28,1.805,115.0,132.0,12.0,4.0,0.0,7.0,1.0,0.0,0.0,21.43,24.76,47.43,68.0,20.858,7.494,14.176,1824.74,41.0,5.0,0.0,9.0,1.0,5.0,0.0,90.71,4.49,35.0,37.0,62.0,-15.75,6.0,3748.17,20.482,110.21,0.0,37.0,1132.44,21.14,136.67,1.0,0.0,1452.27,24.76,83.4,4.0,0.0,1163.46,23.35,47.0,-110.0,1.9032,2.2028803809523834,-0.29968038095238336
United States,Montana,Wheat,2023,spring,183.0,478.82,2.617,103.0,124.0,12.0,5.0,0.0,13.0,1.0,1.0,1.0,51.49,70.05,89.97,80.0,20.879,8.088,14.483,1841.17,15.0,1.0,0.0,5.0,1.0,2.0,0.0,25.56,0.18,14.0,22.0,50.0,-12.42,4.0,3700.68,20.222,174.84,0.0,22.0,1176.69,32.2,186.68,1.0,0.0,1430.01,70.05,117.3,0.0,0.0,1093.98,40.88,47.0,-110.0,2.5017,2.5483858571428604,-0.04668585714286033
United States,Montana,Wheat,2024,spring,183.0,398.67,2.179,117.0,138.0,15.0,5.0,1.0,10.0,4.0,2.0,1.0,54.08,80.62,93.51,66.0,21.231,7.9,14.566,1813.015,29.0,2.0,0.0,13.0,2.0,4.0,0.0,59.9,2.09,22.0,21.0,60.0,-7.83,3.0,3731.86,20.393,148.49,0.0,21.0,1162.92,53.98,100.37,2.0,0.0,1484.28,29.77,149.81,0.0,0.0,1084.66,80.62,47.0,-110.0,2.2933,2.424766571428571,-0.1314665714285712
United States,Montana,Wheat,2025,spring,183.0,350.57,1.916,108.0,133.0,9.0,3.0,0.0,8.0,1.0,0.0,0.0,20.93,29.64,36.77,75.0,21.693,8.211,14.952,1870.855,15.0,0.0,0.0,2.0,0.0,0.0,0.0,27.25,0.0,8.0,18.0,53.0,-7.31,4.0,3805.18,20.793,117.31,0.0,18.0,1225.71,29.64,165.5,0.0,0.0,1427.85,22.02,67.76,0.0,0.0,1151.62,13.38,47.0,-110.0,2.4816,2.437829142857142,0.04377085714285789
United States,Montana,Barley,2019,spring,183.0,429.15,2.345,100.0,122.0,13.0,1.0,0.0,10.0,0.0,0.0,0.0,16.48,30.76,38.77,83.0,18.986,6.723,12.854,1529.49,8.0,0.0,0.0,3.0,0.0,1.0,0.0,11.09,0.0,5.0,31.0,64.0,-8.64,7.0,3569.67,19.506,150.34,0.0,27.0,1070.57,29.81,139.13,0.0,0.0,1451.33,22.59,139.68,0.0,4.0,1047.77,30.76,47.0,-110.0,3.1742,3.1325942380952347,0.04160576190476517
United States,Montana,Barley,2020,spring,183.0,347.93,1.901,127.0,142.0,14.0,7.0,1.0,9.0,1.0,1.0,0.0,34.66,60.17,77.04,56.0,20.18,6.634,13.407,1662.205,13.0,0.0,0.0,2.0,0.0,0.0,0.0,15.74,0.0,12.0,28.0,62.0,-13.84,5.0,3828.82,20.923,128.11,0.0,26.0,1231.27,31.65,172.89,0.0,0.0,1486.5,60.17,46.93,0.0,2.0,1111.05,18.8,47.0,-110.0,3.3895,2.76535623809524,0.6241437619047598
United States,Montana,Barley,2021,spring,183.0,276.21,1.509,127.0,146.0,18.0,6.0,1.0,6.0,0.0,0.0,0.0,17.8,35.52,40.92,56.0,21.889,7.784,14.837,1902.33,38.0,3.0,0.0,7.0,2.0,6.0,0.0,79.06,0.63,32.0,31.0,63.0,-7.2,3.0,3666.02,20.033,130.32,0.0,31.0,1124.03,26.68,62.69,3.0,0.0,1527.04,10.64,83.2,0.0,0.0,1014.95,35.52,47.0,-110.0,2.0444,2.661166714285716,-0.6167667142857161
United States,Montana,Barley,2022,spring,183.0,330.28,1.805,115.0,132.0,12.0,4.0,0.0,7.0,1.0,0.0,0.0,21.43,24.76,47.43,68.0,20.858,7.494,14.176,1824.74,41.0,5.0,0.0,9.0,1.0,5.0,0.0,90.71,4.49,35.0,37.0,62.0,-15.75,6.0,3748.17,20.482,110.21,0.0,37.0,1132.44,21.14,136.67,1.0,0.0,1452.27,24.76,83.4,4.0,0.0,1163.46,23.35,47.0,-110.0,2.2058,2.6380823809523815,-0.4322823809523815
United States,Montana,Barley,2023,spring,183.0,478.82,2.617,103.0,124.0,12.0,5.0,0.0,13.0,1.0,1.0,1.0,51.49,70.05,89.97,80.0,20.879,8.088,14.483,1841.17,15.0,1.0,0.0,5.0,1.0,2.0,0.0,25.56,0.18,14.0,22.0,50.0,-12.42,4.0,3700.68,20.222,174.84,0.0,22.0,1176.69,32.2,186.68,1.0,0.0,1430.01,70.05,117.3,0.0,0.0,1093.98,40.88,47.0,-110.0,2.6362,2.9627032380952367,-0.3265032380952366
United States,Montana,Barley,2024,spring,183.0,398.67,2.179,117.0,138.0,15.0,5.0,1.0,10.0,4.0,2.0,1.0,54.08,80.62,93.51,66.0,21.231,7.9,14.566,1813.015,29.0,2.0,0.0,13.0,2.0,4.0,0.0,59.9,2.09,22.0,21.0,60.0,-7.83,3.0,3731.86,20.393,148.49,0.0,21.0,1162.92,53.98,100.37,2.0,0.0,1484.28,29.77,149.81,0.0,0.0,1084.66,80.62,47.0,-110.0,2.7438,2.7794639047619065,-0.03566390476190673
United States,Montana,Barley,2025,spring,183.0,350.57,1.916,108.0,133.0,9.0,3.0,0.0,8.0,1.0,0.0,0.0,20.93,29.64,36.77,75.0,21.693,8.211,14.952,1870.855,15.0,0.0,0.0,2.0,0.0,0.0,0.0,27.25,0.0,8.0,18.0,53.0,-7.31,4.0,3805.18,20.793,117.31,0.0,18.0,1225.71,29.64,165.5,0.0,0.0,1427.85,22.02,67.76,0.0,0.0,1151.62,13.38,47.0,-110.0,2.9052,2.8688201904761885,0.03637980952381126
United States,Montana,Oats,2019,spring,183.0,429.15,2.345,100.0,122.0,13.0,1.0,0.0,10.0,0.0,0.0,0.0,16.48,30.76,38.77,83.0,18.986,6.723,12.854,1529.49,8.0,0.0,0.0,3.0,0.0,1.0,0.0,11.09,0.0,5.0,31.0,64.0,-8.64,7.0,3569.67,19.506,150.34,0.0,27.0,1070.57,29.81,139.13,0.0,0.0,1451.33,22.59,139.68,0.0,4.0,1047.77,30.76,47.0,-110.0,1.9727,2.123207809523809,-0.15050780952380927
United States,Montana,Oats,2020,spring,183.0,347.93,1.901,127.0,142.0,14.0,7.0,1.0,9.0,1.0,1.0,0.0,34.66,60.17,77.04,56.0,20.18,6.634,13.407,1662.205,13.0,0.0,0.0,2.0,0.0,0.0,0.0,15.74,0.0,12.0,28.0,62.0,-13.84,5.0,3828.82,20.923,128.11,0.0,26.0,1231.27,31.65,172.89,0.0,0.0,1486.5,60.17,46.93,0.0,2.0,1111.05,18.8,47.0,-110.0,1.614,1.8861365238095236,-0.27213652380952347
United States,Montana,Oats,2021,spring,183.0,276.21,1.509,127.0,146.0,18.0,6.0,1.0,6.0,0.0,0.0,0.0,17.8,35.52,40.92,56.0,21.889,7.784,14.837,1902.33,38.0,3.0,0.0,7.0,2.0,6.0,0.0,79.06,0.63,32.0,31.0,63.0,-7.2,3.0,3666.02,20.033,130.32,0.0,31.0,1124.03,26.68,62.69,3.0,0.0,1527.04,10.64,83.2,0.0,0.0,1014.95,35.52,47.0,-110.0,1.2554,1.755347904761905,-0.49994790476190487
United States,Montana,Oats,2022,spring,183.0,330.28,1.805,115.0,132.0,12.0,4.0,0.0,7.0,1.0,0.0,0.0,21.43,24.76,47.43,68.0,20.858,7.494,14.176,1824.74,41.0,5.0,0.0,9.0,1.0,5.0,0.0,90.71,4.49,35.0,37.0,62.0,-15.75,6.0,3748.17,20.482,110.21,0.0,37.0,1132.44,21.14,136.67,1.0,0.0,1452.27,24.76,83.4,4.0,0.0,1163.46,23.35,47.0,-110.0,1.363,1.8201733333333323,-0.4571733333333323
United States,Montana,Oats,2023,spring,183.0,478.82,2.617,103.0,124.0,12.0,5.0,0.0,13.0,1.0,1.0,1.0,51.49,70.05,89.97,80.0,20.879,8.088,14.483,1841.17,15.0,1.0,0.0,5.0,1.0,2.0,0.0,25.56,0.18,14.0,22.0,50.0,-12.42,4.0,3700.68,20.222,174.84,0.0,22.0,1176.69,32.2,186.68,1.0,0.0,1430.01,70.05,117.3,0.0,0.0,1093.98,40.88,47.0,-110.0,1.3271,1.8840169999999978,-0.5569169999999979
United States,Montana,Oats,2024,spring,183.0,398.67,2.179,117.0,138.0,15.0,5.0,1.0,10.0,4.0,2.0,1.0,54.08,80.62,93.51,66.0,21.231,7.9,14.566,1813.015,29.0,2.0,0.0,13.0,2.0,4.0,0.0,59.9,2.09,22.0,21.0,60.0,-7.83,3.0,3731.86,20.393,148.49,0.0,21.0,1162.92,53.98,100.37,2.0,0.0,1484.28,29.77,149.81,0.0,0.0,1084.66,80.62,47.0,-110.0,1.1836,1.9156730476190449,-0.7320730476190449
United States,Montana,Oats,2025,spring,183.0,350.57,1.916,108.0,133.0,9.0,3.0,0.0,8.0,1.0,0.0,0.0,20.93,29.64,36.77,75.0,21.693,8.211,14.952,1870.855,15.0,0.0,0.0,2.0,0.0,0.0,0.0,27.25,0.0,8.0,18.0,53.0,-7.31,4.0,3805.18,20.793,117.31,0.0,18.0,1225.71,29.64,165.5,0.0,0.0,1427.85,22.02,67.76,0.0,0.0,1151.62,13.38,47.0,-110.0,1.5782,1.9136578095238088,-0.33545780952380877
United States,Montana,Canola,2019,spring,183.0,429.15,2.345,100.0,122.0,13.0,1.0,0.0,10.0,0.0,0.0,0.0,16.48,30.76,38.77,83.0,18.986,6.723,12.854,1529.49,8.0,0.0,0.0,3.0,0.0,1.0,0.0,11.09,0.0,5.0,31.0,64.0,-8.64,7.0,3569.67,19.506,150.34,0.0,27.0,1070.57,29.81,139.13,0.0,0.0,1451.33,22.59,139.68,0.0,4.0,1047.77,30.76,47.0,-110.0,1.6252,1.7006128095238082,-0.07541280952380824
United States,Montana,Canola,2020,spring,183.0,347.93,1.901,127.0,142.0,14.0,7.0,1.0,9.0,1.0,1.0,0.0,34.66,60.17,77.04,56.0,20.18,6.634,13.407,1662.205,13.0,0.0,0.0,2.0,0.0,0.0,0.0,15.74,0.0,12.0,28.0,62.0,-13.84,5.0,3828.82,20.923,128.11,0.0,26.0,1231.27,31.65,172.89,0.0,0.0,1486.5,60.17,46.93,0.0,2.0,1111.05,18.8,47.0,-110.0,1.827,1.8262526666666672,0.000747333333332767
United States,Montana,Canola,2021,spring,183.0,276.21,1.509,127.0,146.0,18.0,6.0,1.0,6.0,0.0,0.0,0.0,17.8,35.52,40.92,56.0,21.889,7.784,14.837,1902.33,38.0,3.0,0.0,7.0,2.0,6.0,0.0,79.06,0.63,32.0,31.0,63.0,-7.2,3.0,3666.02,20.033,130.32,0.0,31.0,1124.03,26.68,62.69,3.0,0.0,1527.04,10.64,83.2,0.0,0.0,1014.95,35.52,47.0,-110.0,1.0088,1.2995179999999997,-0.2907179999999998
United States,Montana,Canola,2022,spring,183.0,330.28,1.805,115.0,132.0,12.0,4.0,0.0,7.0,1.0,0.0,0.0,21.43,24.76,47.43,68.0,20.858,7.494,14.176,1824.74,41.0,5.0,0.0,9.0,1.0,5.0,0.0,90.71,4.49,35.0,37.0,62.0,-15.75,6.0,3748.17,20.482,110.21,0.0,37.0,1132.44,21.14,136.67,1.0,0.0,1452.27,24.76,83.4,4.0,0.0,1163.46,23.35,47.0,-110.0,1.1545,1.3506386666666672,-0.19613866666666713
United States,Montana,Canola,2023,spring,183.0,478.82,2.617,103.0,124.0,12.0,5.0,0.0,13.0,1.0,1.0,1.0,51.49,70.05,89.97,80.0,20.879,8.088,14.483,1841.17,15.0,1.0,0.0,5.0,1.0,2.0,0.0,25.56,0.18,14.0,22.0,50.0,-12.42,4.0,3700.68,20.222,174.84,0.0,22.0,1176.69,32.2,186.68,1.0,0.0,1430.01,70.05,117.3,0.0,0.0,1093.98,40.88,47.0,-110.0,1.5916,1.5989990000000005,-0.0073990000000005995
United States,Montana,Canola,2024,spring,183.0,398.67,2.179,117.0,138.0,15.0,5.0,1.0,10.0,4.0,2.0,1.0,54.08,80.62,93.51,66.0,21.231,7.9,14.566,1813.015,29.0,2.0,0.0,13.0,2.0,4.0,0.0,59.9,2.09,22.0,21.0,60.0,-7.83,3.0,3731.86,20.393,148.49,0.0,21.0,1162.92,53.98,100.37,2.0,0.0,1484.28,29.77,149.81,0.0,0.0,1084.66,80.62,47.0,-110.0,1.1545,1.4100125714285727,-0.25551257142857264
United States,Montana,Canola,2025,spring,183.0,350.57,1.916,108.0,133.0,9.0,3.0,0.0,8.0,1.0,0.0,0.0,20.93,29.64,36.77,75.0,21.693,8.211,14.952,1870.855,15.0,0.0,0.0,2.0,0.0,0.0,0.0,27.25,0.0,8.0,18.0,53.0,-7.31,4.0,3805.18,20.793,117.31,0.0,18.0,1225.71,29.64,165.5,0.0,0.0,1427.85,22.02,67.76,0.0,0.0,1151.62,13.38,47.0,-110.0,1.3674,1.7516028571428572,-0.3842028571428573
United States,Nebraska,Wheat,2019,winter,303.0,611.59,2.018,219.0,239.0,25.0,9.0,3.0,19.0,4.0,3.0,0.0,47.36,63.67,99.82,84.0,11.441,0.058,5.749,1406.77,14.0,0.0,0.0,5.0,0.0,2.0,0.0,30.55,0.0,11.0,152.0,211.0,-24.49,9.0,4155.64,13.715,170.4,0.0,41.0,1119.15,34.9,100.16,0.0,98.0,988.86,40.94,341.03,0.0,13.0,2047.63,63.67,41.5,-99.8,3.8333,3.1627382857142865,0.6705617142857134
United States,Nebraska,Wheat,2020,winter,304.0,422.67,1.39,231.0,257.0,21.0,15.0,3.0,12.0,3.0,0.0,0.0,21.54,49.85,60.99,73.0,13.258,1.504,7.381,1606.325,27.0,0.0,0.0,6.0,0.0,5.0,0.0,61.47,0.0,24.0,162.0,206.0,-17.8,12.0,4412.92,14.516,108.38,0.0,46.0,1243.04,28.05,92.53,0.0,99.0,960.8,22.83,221.76,0.0,17.0,2209.08,49.85,41.5,-99.8,2.7573,2.8457073333333325,-0.08840733333333262
United States,Nebraska,Wheat,2021,winter,303.0,360.98,1.191,245.0,257.0,29.0,13.0,4.0,7.0,2.0,1.0,1.0,54.66,79.25,82.39,58.0,14.043,1.846,7.945,1729.9,24.0,6.0,1.0,7.0,4.0,4.0,1.0,81.37,15.27,22.0,153.0,199.0,-25.47,10.0,4366.34,14.41,53.98,1.0,36.0,1244.26,14.46,129.52,0.0,95.0,996.87,79.25,177.48,5.0,22.0,2125.21,23.28,41.5,-99.8,3.2953,2.758090666666665,0.537209333333335
United States,Nebraska,Wheat,2022,winter,303.0,303.89,1.003,261.0,275.0,79.0,9.0,4.0,8.0,4.0,2.0,0.0,32.97,43.45,71.79,42.0,15.663,2.407,9.035,1900.62,35.0,9.0,1.0,14.0,4.0,2.0,1.0,123.63,16.7,29.0,134.0,194.0,-19.04,15.0,4576.24,15.103,104.52,1.0,21.0,1231.66,30.01,15.99,0.0,92.0,1080.36,5.53,183.38,8.0,21.0,2264.22,43.45,41.5,-99.8,2.152,2.6836598095238093,-0.5316598095238092
United States,Nebraska,Wheat,2023,winter,303.0,365.74,1.207,246.0,263.0,38.0,11.0,6.0,12.0,1.0,1.0,0.0,25.48,63.87,92.22,57.0,14.35,1.905,8.128,1834.07,24.0,5.0,0.0,8.0,3.0,4.0,1.0,78.91,10.52,20.0,158.0,190.0,-26.3,8.0,4602.72,15.19,43.62,5.0,37.0,1330.48,20.85,70.87,0.0,99.0,1035.09,20.54,251.25,0.0,22.0,2237.15,63.87,41.5,-99.8,2.8245,2.6620969047619,0.16240309523809993
United States,Nebraska,Wheat,2024,winter,304.0,539.44,1.774,235.0,247.0,28.0,13.0,6.0,19.0,4.0,2.0,0.0,45.14,50.3,73.53,69.0,15.482,2.933,9.208,1916.625,26.0,8.0,1.0,6.0,4.0,4.0,2.0,86.9,20.49,19.0,126.0,181.0,-26.98,14.0,4532.66,14.91,157.67,4.0,30.0,1264.19,50.3,59.85,0.0,79.0,1045.86,17.13,321.92,4.0,17.0,2222.61,39.06,41.5,-99.8,3.4971,2.9792431904761876,0.5178568095238125
United States,Nebraska,Wheat,2025,winter,303.0,411.06,1.357,240.0,257.0,46.0,9.0,5.0,11.0,4.0,3.0,0.0,34.2,62.83,77.49,63.0,15.599,2.584,9.091,2012.645,34.0,5.0,0.0,6.0,3.0,4.0,1.0,95.54,10.44,28.0,128.0,175.0,-24.67,9.0,4501.84,14.858,58.39,2.0,22.0,1323.41,23.97,34.76,0.0,94.0,1050.4,8.94,317.91,3.0,12.0,2128.03,62.83,41.5,-99.8,3.1608,2.7259248095238084,0.4348751904761916
United States,Nebraska,Oats,2019,spring,183.0,679.78,3.715,97.0,117.0,11.0,3.0,0.0,22.0,5.0,3.0,0.0,47.36,63.67,99.82,86.0,24.034,11.909,17.971,2403.73,31.0,2.0,0.0,8.0,2.0,3.0,0.0,56.58,1.53,22.0,8.0,35.0,-7.63,2.0,3782.96,20.672,229.85,0.0,8.0,1160.14,63.67,227.99,2.0,0.0,1524.35,49.15,221.94,0.0,0.0,1098.47,36.55,41.5,-99.8,2.2596,2.438490285714285,-0.1788902857142851
United States,Nebraska,Oats,2020,spring,183.0,337.22,1.843,131.0,142.0,19.0,7.0,2.0,9.0,4.0,1.0,0.0,25.43,49.85,60.99,52.0,25.524,11.993,18.758,2570.23,65.0,12.0,0.0,14.0,6.0,11.0,1.0,206.97,14.77,52.0,14.0,33.0,-7.82,3.0,4044.79,22.103,147.03,0.0,14.0,1271.31,49.85,155.05,2.0,0.0,1563.07,37.88,35.14,10.0,0.0,1210.41,14.46,41.5,-99.8,2.2596,2.2697990476190477,-0.010199047619047885
United States,Nebraska,Oats,2021,spring,183.0,364.01,1.989,127.0,140.0,11.0,8.0,0.0,12.0,2.0,1.0,0.0,28.51,30.37,44.33,56.0,26.457,12.959,19.708,2716.37,66.0,17.0,1.0,13.0,4.0,8.0,2.0,238.78,30.04,51.0,15.0,31.0,-6.3,1.0,3907.92,21.355,123.9,0.0,15.0,1188.46,23.28,111.23,11.0,0.0,1535.9,29.54,128.88,6.0,0.0,1183.56,30.37,41.5,-99.8,2.0086,2.3535114761904765,-0.3449114761904766
United States,Nebraska,Oats,2022,spring,183.0,319.51,1.746,136.0,151.0,21.0,6.0,2.0,9.0,3.0,1.0,0.0,32.97,43.45,71.79,47.0,27.916,13.108,20.512,2856.69,88.0,40.0,4.0,19.0,6.0,8.0,6.0,407.03,89.9,70.0,14.0,31.0,-6.78,3.0,4092.6,22.364,132.83,0.0,14.0,1292.92,43.45,143.01,21.0,0.0,1567.15,31.92,43.67,19.0,0.0,1232.53,20.85,41.5,-99.8,1.8292,1.9787335238095272,-0.14953352380952722
United States,Nebraska,Oats,2023,spring,183.0,452.02,2.47,114.0,132.0,26.0,4.0,2.0,16.0,1.0,1.0,0.0,25.48,63.87,92.22,69.0,26.776,13.155,19.966,2753.765,63.0,18.0,4.0,11.0,7.0,10.0,3.0,243.84,66.36,47.0,12.0,26.0,-6.29,3.0,4041.49,22.085,173.09,0.0,12.0,1349.58,63.87,174.28,5.0,0.0,1474.52,33.74,104.65,13.0,0.0,1217.39,26.24,41.5,-99.8,1.901,2.2270608571428565,-0.3260608571428565
United States,Nebraska,Oats,2024,spring,183.0,422.0,2.306,122.0,133.0,18.0,6.0,1.0,14.0,4.0,1.0,0.0,27.3,39.06,73.53,61.0,26.92,13.056,19.988,2750.335,72.0,20.0,0.0,16.0,9.0,8.0,2.0,227.22,27.67,55.0,7.0,25.0,-3.84,2.0,3973.77,21.715,195.54,0.0,7.0,1317.28,39.06,180.77,10.0,0.0,1474.45,34.28,45.69,10.0,0.0,1182.04,10.61,41.5,-99.8,2.4748,2.254504857142858,0.22029514285714225
United States,Nebraska,Oats,2025,spring,183.0,565.07,3.088,108.0,127.0,19.0,3.0,1.0,20.0,6.0,3.0,0.0,34.2,62.83,77.49,75.0,26.316,13.002,19.659,2689.17,55.0,14.0,0.0,11.0,8.0,7.0,2.0,187.88,25.12,36.0,8.0,18.0,-5.64,1.0,3782.39,20.669,133.02,0.0,8.0,1238.76,37.08,302.47,5.0,0.0,1461.22,62.83,129.58,9.0,0.0,1082.41,34.44,41.5,-99.8,1.7934,2.346634095238094,-0.5532340952380941
United States,North Dakota,Wheat,2019,spring,183.0,542.94,2.967,112.0,130.0,10.0,5.0,0.0,16.0,4.0,3.0,0.0,38.76,46.25,82.54,71.0,21.384,9.302,15.343,1942.38,15.0,0.0,0.0,3.0,0.0,2.0,0.0,17.8,0.0,11.0,23.0,44.0,-6.03,5.0,3498.72,19.119,104.75,0.0,23.0,1100.23,27.04,160.78,0.0,0.0,1430.64,38.4,277.41,0.0,0.0,967.85,46.25,47.5,-100.5,3.2549,2.8754194285714267,0.3794805714285734
United States,North Dakota,Wheat,2020,spring,183.0,244.74,1.337,136.0,153.0,21.0,7.0,2.0,6.0,1.0,1.0,0.0,39.41,54.78,63.51,47.0,22.503,9.24,15.872,2101.655,29.0,3.0,0.0,6.0,3.0,5.0,1.0,74.52,1.93,15.0,27.0,46.0,-11.27,2.0,3878.84,21.196,54.71,0.0,27.0,1250.92,19.75,125.76,0.0,0.0,1506.49,54.78,64.27,3.0,0.0,1121.43,15.84,47.5,-100.5,3.2011,2.7767860952380943,0.42431390476190556
United States,North Dakota,Wheat,2021,spring,183.0,268.88,1.469,141.0,150.0,18.0,11.0,1.0,7.0,1.0,1.0,0.0,43.18,46.13,60.1,42.0,25.034,10.76,17.897,2410.225,56.0,15.0,0.0,13.0,5.0,8.0,1.0,205.29,30.35,48.0,20.0,43.0,-5.82,2.0,3658.48,19.992,69.29,0.0,20.0,1178.53,30.55,96.46,9.0,0.0,1468.74,20.69,103.13,6.0,0.0,1011.21,46.13,47.5,-100.5,2.1655,2.6913862380952374,-0.5258862380952372
United States,North Dakota,Wheat,2022,spring,183.0,382.93,2.093,118.0,137.0,16.0,3.0,1.0,12.0,4.0,1.0,0.0,30.17,47.36,54.1,65.0,21.964,9.388,15.676,2093.545,38.0,5.0,0.0,6.0,2.0,5.0,0.0,98.02,4.27,26.0,29.0,45.0,-15.89,3.0,3651.83,19.955,194.47,0.0,29.0,1081.16,47.36,135.36,3.0,0.0,1482.67,26.35,53.1,2.0,0.0,1088.0,10.11,47.5,-100.5,3.2886,2.978620238095236,0.3099797619047644
United States,North Dakota,Wheat,2023,spring,183.0,409.34,2.237,113.0,135.0,12.0,4.0,0.0,12.0,2.0,1.0,0.0,29.82,54.23,63.77,70.0,23.483,10.711,17.097,2273.17,31.0,3.0,0.0,4.0,1.0,5.0,0.0,67.75,1.7,19.0,20.0,36.0,-9.64,3.0,3554.5,19.423,117.42,0.0,20.0,1162.59,54.23,150.94,1.0,0.0,1384.69,46.28,140.98,2.0,0.0,1007.22,30.41,47.5,-100.5,3.1675,3.0213447619047624,0.14615523809523756
United States,North Dakota,Wheat,2024,spring,183.0,383.58,2.096,121.0,142.0,15.0,3.0,1.0,13.0,4.0,1.0,0.0,25.79,35.52,45.29,62.0,23.465,10.315,16.89,2198.77,35.0,3.0,0.0,13.0,1.0,3.0,0.0,78.61,4.94,27.0,14.0,34.0,-4.66,3.0,3593.88,19.639,154.3,0.0,14.0,1159.18,35.52,146.1,2.0,0.0,1398.28,26.13,83.18,1.0,0.0,1036.42,31.05,47.5,-100.5,3.8266,2.9711399523809496,0.8554600476190504
United States,North Dakota,Wheat,2025,spring,183.0,425.68,2.326,118.0,136.0,11.0,6.0,0.0,11.0,2.0,1.0,1.0,64.71,91.25,131.18,65.0,23.351,10.414,16.882,2214.655,26.0,4.0,0.0,4.0,2.0,3.0,0.0,60.23,2.23,18.0,17.0,39.0,-7.53,4.0,3528.37,19.281,193.17,2.0,17.0,1179.5,91.25,132.86,1.0,0.0,1316.41,35.97,99.65,1.0,0.0,1032.46,32.77,47.5,-100.5,3.5509,2.9637370952380935,0.5871629047619065
United States,North Dakota,Barley,2019,spring,183.0,542.94,2.967,112.0,130.0,10.0,5.0,0.0,16.0,4.0,3.0,0.0,38.76,46.25,82.54,71.0,21.384,9.302,15.343,1942.38,15.0,0.0,0.0,3.0,0.0,2.0,0.0,17.8,0.0,11.0,23.0,44.0,-6.03,5.0,3498.72,19.119,104.75,0.0,23.0,1100.23,27.04,160.78,0.0,0.0,1430.64,38.4,277.41,0.0,0.0,967.85,46.25,47.5,-100.5,3.8737,3.5231388571428583,0.35056114285714157
United States,North Dakota,Barley,2020,spring,183.0,244.74,1.337,136.0,153.0,21.0,7.0,2.0,6.0,1.0,1.0,0.0,39.41,54.78,63.51,47.0,22.503,9.24,15.872,2101.655,29.0,3.0,0.0,6.0,3.0,5.0,1.0,74.52,1.93,15.0,27.0,46.0,-11.27,2.0,3878.84,21.196,54.71,0.0,27.0,1250.92,19.75,125.76,0.0,0.0,1506.49,54.78,64.27,3.0,0.0,1121.43,15.84,47.5,-100.5,3.3895,3.364091523809522,0.025408476190477813
United States,North Dakota,Barley,2021,spring,183.0,268.88,1.469,141.0,150.0,18.0,11.0,1.0,7.0,1.0,1.0,0.0,43.18,46.13,60.1,42.0,25.034,10.76,17.897,2410.225,56.0,15.0,0.0,13.0,5.0,8.0,1.0,205.29,30.35,48.0,20.0,43.0,-5.82,2.0,3658.48,19.992,69.29,0.0,20.0,1178.53,30.55,96.46,9.0,0.0,1468.74,20.69,103.13,6.0,0.0,1011.21,46.13,47.5,-100.5,2.7438,2.910597238095238,-0.16679723809523805
United States,North Dakota,Barley,2022,spring,183.0,382.93,2.093,118.0,137.0,16.0,3.0,1.0,12.0,4.0,1.0,0.0,30.17,47.36,54.1,65.0,21.964,9.388,15.676,2093.545,38.0,5.0,0.0,6.0,2.0,5.0,0.0,98.02,4.27,26.0,29.0,45.0,-15.89,3.0,3651.83,19.955,194.47,0.0,29.0,1081.16,47.36,135.36,3.0,0.0,1482.67,26.35,53.1,2.0,0.0,1088.0,10.11,47.5,-100.5,3.9275,3.3550247619047604,0.5724752380952398
United States,North Dakota,Barley,2023,spring,183.0,409.34,2.237,113.0,135.0,12.0,4.0,0.0,12.0,2.0,1.0,0.0,29.82,54.23,63.77,70.0,23.483,10.711,17.097,2273.17,31.0,3.0,0.0,4.0,1.0,5.0,0.0,67.75,1.7,19.0,20.0,36.0,-9.64,3.0,3554.5,19.423,117.42,0.0,20.0,1162.59,54.23,150.94,1.0,0.0,1384.69,46.28,140.98,2.0,0.0,1007.22,30.41,47.5,-100.5,3.8199,3.435987047619045,0.383912952380955
United States,North Dakota,Barley,2024,spring,183.0,383.58,2.096,121.0,142.0,15.0,3.0,1.0,13.0,4.0,1.0,0.0,25.79,35.52,45.29,62.0,23.465,10.315,16.89,2198.77,35.0,3.0,0.0,13.0,1.0,3.0,0.0,78.61,4.94,27.0,14.0,34.0,-4.66,3.0,3593.88,19.639,154.3,0.0,14.0,1159.18,35.52,146.1,2.0,0.0,1398.28,26.13,83.18,1.0,0.0,1036.42,31.05,47.5,-100.5,3.9813,3.398496714285708,0.582803285714292
United States,North Dakota,Barley,2025,spring,183.0,425.68,2.326,118.0,136.0,11.0,6.0,0.0,11.0,2.0,1.0,1.0,64.71,91.25,131.18,65.0,23.351,10.414,16.882,2214.655,26.0,4.0,0.0,4.0,2.0,3.0,0.0,60.23,2.23,18.0,17.0,39.0,-7.53,4.0,3528.37,19.281,193.17,2.0,17.0,1179.5,91.25,132.86,1.0,0.0,1316.41,35.97,99.65,1.0,0.0,1032.46,32.77,47.5,-100.5,4.1965,3.4187754285714242,0.7777245714285761
United States,North Dakota,Oats,2019,spring,183.0,542.94,2.967,112.0,130.0,10.0,5.0,0.0,16.0,4.0,3.0,0.0,38.76,46.25,82.54,71.0,21.384,9.302,15.343,1942.38,15.0,0.0,0.0,3.0,0.0,2.0,0.0,17.8,0.0,11.0,23.0,44.0,-6.03,5.0,3498.72,19.119,104.75,0.0,23.0,1100.23,27.04,160.78,0.0,0.0,1430.64,38.4,277.41,0.0,0.0,967.85,46.25,47.5,-100.5,3.0846,2.368709666666669,0.7158903333333311
United States,North Dakota,Oats,2020,spring,183.0,244.74,1.337,136.0,153.0,21.0,7.0,2.0,6.0,1.0,1.0,0.0,39.41,54.78,63.51,47.0,22.503,9.24,15.872,2101.655,29.0,3.0,0.0,6.0,3.0,5.0,1.0,74.52,1.93,15.0,27.0,46.0,-11.27,2.0,3878.84,21.196,54.71,0.0,27.0,1250.92,19.75,125.76,0.0,0.0,1506.49,54.78,64.27,3.0,0.0,1121.43,15.84,47.5,-100.5,2.7976,2.30904619047619,0.4885538095238102
United States,North Dakota,Oats,2021,spring,183.0,268.88,1.469,141.0,150.0,18.0,11.0,1.0,7.0,1.0,1.0,0.0,43.18,46.13,60.1,42.0,25.034,10.76,17.897,2410.225,56.0,15.0,0.0,13.0,5.0,8.0,1.0,205.29,30.35,48.0,20.0,43.0,-5.82,2.0,3658.48,19.992,69.29,0.0,20.0,1178.53,30.55,96.46,9.0,0.0,1468.74,20.69,103.13,6.0,0.0,1011.21,46.13,47.5,-100.5,1.7216,2.2211951428571455,-0.49959514285714546
United States,North Dakota,Oats,2022,spring,183.0,382.93,2.093,118.0,137.0,16.0,3.0,1.0,12.0,4.0,1.0,0.0,30.17,47.36,54.1,65.0,21.964,9.388,15.676,2093.545,38.0,5.0,0.0,6.0,2.0,5.0,0.0,98.02,4.27,26.0,29.0,45.0,-15.89,3.0,3651.83,19.955,194.47,0.0,29.0,1081.16,47.36,135.36,3.0,0.0,1482.67,26.35,53.1,2.0,0.0,1088.0,10.11,47.5,-100.5,2.5824,2.2949870952380964,0.2874129047619034
United States,North Dakota,Oats,2023,spring,183.0,409.34,2.237,113.0,135.0,12.0,4.0,0.0,12.0,2.0,1.0,0.0,29.82,54.23,63.77,70.0,23.483,10.711,17.097,2273.17,31.0,3.0,0.0,4.0,1.0,5.0,0.0,67.75,1.7,19.0,20.0,36.0,-9.64,3.0,3554.5,19.423,117.42,0.0,20.0,1162.59,54.23,150.94,1.0,0.0,1384.69,46.28,140.98,2.0,0.0,1007.22,30.41,47.5,-100.5,2.7259,2.404694666666666,0.32120533333333423
United States,North Dakota,Oats,2024,spring,183.0,383.58,2.096,121.0,142.0,15.0,3.0,1.0,13.0,4.0,1.0,0.0,25.79,35.52,45.29,62.0,23.465,10.315,16.89,2198.77,35.0,3.0,0.0,13.0,1.0,3.0,0.0,78.61,4.94,27.0,14.0,34.0,-4.66,3.0,3593.88,19.639,154.3,0.0,14.0,1159.18,35.52,146.1,2.0,0.0,1398.28,26.13,83.18,1.0,0.0,1036.42,31.05,47.5,-100.5,3.515,2.2931119999999994,1.2218880000000008
United States,North Dakota,Oats,2025,spring,183.0,425.68,2.326,118.0,136.0,11.0,6.0,0.0,11.0,2.0,1.0,1.0,64.71,91.25,131.18,65.0,23.351,10.414,16.882,2214.655,26.0,4.0,0.0,4.0,2.0,3.0,0.0,60.23,2.23,18.0,17.0,39.0,-7.53,4.0,3528.37,19.281,193.17,2.0,17.0,1179.5,91.25,132.86,1.0,0.0,1316.41,35.97,99.65,1.0,0.0,1032.46,32.77,47.5,-100.5,2.7618,2.296286952380952,0.4655130476190479
United States,North Dakota,Canola,2019,spring,183.0,542.94,2.967,112.0,130.0,10.0,5.0,0.0,16.0,4.0,3.0,0.0,38.76,46.25,82.54,71.0,21.384,9.302,15.343,1942.38,15.0,0.0,0.0,3.0,0.0,2.0,0.0,17.8,0.0,11.0,23.0,44.0,-6.03,5.0,3498.72,19.119,104.75,0.0,23.0,1100.23,27.04,160.78,0.0,0.0,1430.64,38.4,277.41,0.0,0.0,967.85,46.25,47.5,-100.5,2.0175,1.9396723333333343,0.07782766666666574
United States,North Dakota,Canola,2020,spring,183.0,244.74,1.337,136.0,153.0,21.0,7.0,2.0,6.0,1.0,1.0,0.0,39.41,54.78,63.51,47.0,22.503,9.24,15.872,2101.655,29.0,3.0,0.0,6.0,3.0,5.0,1.0,74.52,1.93,15.0,27.0,46.0,-11.27,2.0,3878.84,21.196,54.71,0.0,27.0,1250.92,19.75,125.76,0.0,0.0,1506.49,54.78,64.27,3.0,0.0,1121.43,15.84,47.5,-100.5,2.2081,1.8144955238095246,0.39360447619047534
United States,North Dakota,Canola,2021,spring,183.0,268.88,1.469,141.0,150.0,18.0,11.0,1.0,7.0,1.0,1.0,0.0,43.18,46.13,60.1,42.0,25.034,10.76,17.897,2410.225,56.0,15.0,0.0,13.0,5.0,8.0,1.0,205.29,30.35,48.0,20.0,43.0,-5.82,2.0,3658.48,19.992,69.29,0.0,20.0,1178.53,30.55,96.46,9.0,0.0,1468.74,20.69,103.13,6.0,0.0,1011.21,46.13,47.5,-100.5,1.5019,1.7765103333333339,-0.27461033333333384
United States,North Dakota,Canola,2022,spring,183.0,382.93,2.093,118.0,137.0,16.0,3.0,1.0,12.0,4.0,1.0,0.0,30.17,47.36,54.1,65.0,21.964,9.388,15.676,2093.545,38.0,5.0,0.0,6.0,2.0,5.0,0.0,98.02,4.27,26.0,29.0,45.0,-15.89,3.0,3651.83,19.955,194.47,0.0,29.0,1081.16,47.36,135.36,3.0,0.0,1482.67,26.35,53.1,2.0,0.0,1088.0,10.11,47.5,-100.5,2.0399,1.8403733809523828,0.19952661904761704
United States,North Dakota,Canola,2023,spring,183.0,409.34,2.237,113.0,135.0,12.0,4.0,0.0,12.0,2.0,1.0,0.0,29.82,54.23,63.77,70.0,23.483,10.711,17.097,2273.17,31.0,3.0,0.0,4.0,1.0,5.0,0.0,67.75,1.7,19.0,20.0,36.0,-9.64,3.0,3554.5,19.423,117.42,0.0,20.0,1162.59,54.23,150.94,1.0,0.0,1384.69,46.28,140.98,2.0,0.0,1007.22,30.41,47.5,-100.5,2.0287,1.9538747619047627,0.07482523809523745
United States,North Dakota,Canola,2024,spring,183.0,383.58,2.096,121.0,142.0,15.0,3.0,1.0,13.0,4.0,1.0,0.0,25.79,35.52,45.29,62.0,23.465,10.315,16.89,2198.77,35.0,3.0,0.0,13.0,1.0,3.0,0.0,78.61,4.94,27.0,14.0,34.0,-4.66,3.0,3593.88,19.639,154.3,0.0,14.0,1159.18,35.52,146.1,2.0,0.0,1398.28,26.13,83.18,1.0,0.0,1036.42,31.05,47.5,-100.5,2.0848,1.8235550476190487,0.26124495238095125
United States,North Dakota,Canola,2025,spring,183.0,425.68,2.326,118.0,136.0,11.0,6.0,0.0,11.0,2.0,1.0,1.0,64.71,91.25,131.18,65.0,23.351,10.414,16.882,2214.655,26.0,4.0,0.0,4.0,2.0,3.0,0.0,60.23,2.23,18.0,17.0,39.0,-7.53,4.0,3528.37,19.281,193.17,2.0,17.0,1179.5,91.25,132.86,1.0,0.0,1316.41,35.97,99.65,1.0,0.0,1032.46,32.77,47.5,-100.5,2.3762,1.8870469047619047,0.48915309523809514
United States,Oklahoma,Wheat,2019,winter,303.0,1123.85,3.709,212.0,224.0,24.0,8.0,3.0,33.0,19.0,12.0,2.0,69.91,86.14,149.25,91.0,18.023,7.223,12.623,2596.82,21.0,1.0,0.0,5.0,1.0,3.0,0.0,34.14,1.2,18.0,82.0,138.0,-9.95,16.0,4364.62,14.405,321.96,1.0,21.0,1237.41,74.15,195.89,0.0,60.0,1047.13,53.06,606.0,0.0,1.0,2080.08,86.14,35.5,-97.5,2.69,2.2035425714285712,0.4864574285714287
United States,Oklahoma,Wheat,2020,winter,304.0,677.38,2.228,225.0,240.0,28.0,13.0,2.0,25.0,10.0,5.0,0.0,35.46,69.05,90.51,79.0,19.828,7.942,13.885,2851.03,56.0,2.0,0.0,12.0,2.0,6.0,0.0,138.39,0.28,49.0,68.0,142.0,-8.49,17.0,4792.67,15.765,213.27,2.0,18.0,1452.99,69.05,223.88,0.0,46.0,1099.97,57.71,240.23,0.0,4.0,2239.71,42.73,35.5,-97.5,2.69,2.24320795238095,0.4467920476190499
United States,Oklahoma,Wheat,2021,winter,303.0,807.69,2.666,221.0,240.0,27.0,10.0,4.0,25.0,15.0,8.0,0.0,48.01,101.87,146.86,82.0,18.923,7.025,12.974,2704.635,29.0,3.0,0.0,12.0,1.0,4.0,0.0,75.76,1.07,23.0,70.0,139.0,-18.58,13.0,4563.91,15.062,210.93,0.0,12.0,1400.75,74.49,150.33,0.0,57.0,1153.46,48.06,446.43,3.0,1.0,2009.7,101.87,35.5,-97.5,2.6228,2.2019669523809506,0.42083304761904916
United States,Oklahoma,Wheat,2022,winter,303.0,618.16,2.04,242.0,255.0,36.0,11.0,5.0,22.0,7.0,6.0,0.0,44.54,89.86,101.07,61.0,21.708,8.392,15.05,3253.82,71.0,21.0,1.0,21.0,6.0,7.0,3.0,272.68,34.0,62.0,65.0,118.0,-9.96,10.0,5099.84,16.831,153.59,8.0,5.0,1534.46,39.3,115.12,0.0,60.0,1285.92,41.17,349.45,13.0,0.0,2279.46,89.86,35.5,-97.5,1.883,2.0024852857142843,-0.1194852857142843
United States,Oklahoma,Wheat,2023,winter,303.0,647.19,2.136,220.0,235.0,35.0,9.0,2.0,21.0,5.0,3.0,0.0,36.84,57.86,73.72,83.0,20.522,8.094,14.308,3010.89,60.0,9.0,0.0,10.0,5.0,8.0,2.0,169.17,17.66,44.0,67.0,123.0,-15.23,16.0,4770.75,15.745,179.75,6.0,14.0,1470.51,42.93,130.28,0.0,52.0,1144.33,25.24,337.16,3.0,1.0,2155.91,57.86,35.5,-97.5,1.883,2.110531095238095,-0.22753109523809512
United States,Oklahoma,Wheat,2024,winter,304.0,668.61,2.199,226.0,241.0,20.0,11.0,3.0,21.0,7.0,4.0,0.0,36.38,53.56,82.6,78.0,21.69,9.182,15.436,3369.65,64.0,24.0,2.0,19.0,10.0,6.0,3.0,273.48,51.81,53.0,54.0,109.0,-16.46,12.0,4836.13,15.908,182.7,14.0,13.0,1459.37,53.56,174.29,0.0,39.0,1198.53,34.01,311.62,10.0,2.0,2178.23,44.46,35.5,-97.5,2.5555,2.1631176190476165,0.3923823809523834
United States,Oklahoma,Wheat,2025,winter,303.0,995.1,3.284,228.0,240.0,36.0,12.0,6.0,35.0,17.0,13.0,3.0,54.92,132.92,171.07,75.0,21.021,8.558,14.79,3206.63,59.0,5.0,0.0,15.0,4.0,6.0,1.0,154.64,9.66,47.0,60.0,106.0,-14.56,8.0,4841.73,15.979,269.62,5.0,8.0,1535.27,132.92,99.49,0.0,52.0,1180.73,25.64,625.99,0.0,0.0,2125.73,91.42,35.5,-97.5,2.5555,2.073445285714285,0.4820547142857148
United States,Oklahoma,Oats,2019,spring,183.0,827.56,4.522,112.0,122.0,20.0,3.0,1.0,27.0,14.0,9.0,0.0,46.87,86.14,149.25,71.0,28.811,18.376,23.594,3402.63,78.0,15.0,0.0,13.0,6.0,9.0,2.0,233.03,19.97,63.0,0.0,6.0,0.83,0.0,3973.36,21.712,448.95,0.0,0.0,1178.19,86.14,154.62,1.0,0.0,1574.31,31.89,223.99,14.0,0.0,1220.86,38.05,35.5,-97.5,1.7934,1.4317303809523816,0.3616696190476185
United States,Oklahoma,Oats,2020,spring,183.0,504.41,2.756,124.0,135.0,15.0,6.0,2.0,16.0,6.0,5.0,0.0,46.7,72.92,79.43,59.0,28.986,17.258,23.122,3317.575,94.0,24.0,1.0,37.0,4.0,6.0,5.0,337.09,26.85,68.0,3.0,11.0,-0.64,0.0,4066.66,22.222,150.7,0.0,3.0,1252.06,30.19,181.83,12.0,0.0,1553.77,61.98,171.88,12.0,0.0,1260.83,72.92,35.5,-97.5,1.614,1.4002983809523812,0.21370161904761886
United States,Oklahoma,Oats,2021,spring,183.0,578.16,3.159,121.0,137.0,25.0,4.0,1.0,17.0,11.0,5.0,0.0,48.01,101.87,157.79,62.0,29.071,17.728,23.4,3367.125,92.0,27.0,0.0,33.0,6.0,7.0,4.0,341.73,22.02,69.0,1.0,9.0,-0.63,0.0,3886.92,21.24,236.1,0.0,1.0,1113.18,41.01,255.3,9.0,0.0,1471.21,101.87,86.76,18.0,0.0,1302.53,23.75,35.5,-97.5,1.614,1.3955828095238094,0.21841719047619068
United States,Oklahoma,Oats,2022,spring,183.0,536.9,2.934,133.0,146.0,22.0,5.0,4.0,17.0,6.0,5.0,1.0,76.26,95.97,101.07,50.0,32.138,19.037,25.587,3767.475,125.0,68.0,18.0,49.0,29.0,9.0,5.0,723.49,231.16,102.0,0.0,6.0,1.57,0.0,4181.16,22.848,254.75,2.0,0.0,1299.15,89.86,193.2,39.0,0.0,1571.06,95.97,88.95,27.0,0.0,1310.95,35.92,35.5,-97.5,0.7173,1.4457710476190468,-0.7284710476190468
United States,Oklahoma,Oats,2023,spring,183.0,590.46,3.227,117.0,128.0,21.0,5.0,2.0,19.0,6.0,5.0,0.0,46.7,98.88,153.31,66.0,30.88,18.366,24.623,3591.02,109.0,50.0,15.0,27.0,14.0,8.0,7.0,562.66,165.78,77.0,0.0,6.0,2.32,0.0,4075.82,22.272,206.61,0.0,0.0,1248.37,57.86,284.05,15.0,0.0,1510.44,98.88,99.8,35.0,0.0,1317.01,27.53,35.5,-97.5,2.152,1.3992714285714287,0.7527285714285714
United States,Oklahoma,Canola,2019,spring,183.0,827.56,4.522,112.0,122.0,20.0,3.0,1.0,27.0,14.0,9.0,0.0,46.87,86.14,149.25,71.0,28.811,18.376,23.594,3402.63,78.0,15.0,0.0,13.0,6.0,9.0,2.0,233.03,19.97,63.0,0.0,6.0,0.83,0.0,3973.36,21.712,448.95,0.0,0.0,1178.19,86.14,154.62,1.0,0.0,1574.31,31.89,223.99,14.0,0.0,1220.86,38.05,35.5,-97.5,1.5804,1.4464339523809524,0.13396604761904762
United States,Oklahoma,Canola,2020,spring,183.0,504.41,2.756,124.0,135.0,15.0,6.0,2.0,16.0,6.0,5.0,0.0,46.7,72.92,79.43,59.0,28.986,17.258,23.122,3317.575,94.0,24.0,1.0,37.0,4.0,6.0,5.0,337.09,26.85,68.0,3.0,11.0,-0.64,0.0,4066.66,22.222,150.7,0.0,3.0,1252.06,30.19,181.83,12.0,0.0,1553.77,61.98,171.88,12.0,0.0,1260.83,72.92,35.5,-97.5,1.7149,1.3941933809523808,0.3207066190476193
United States,Oklahoma,Canola,2021,spring,183.0,578.16,3.159,121.0,137.0,25.0,4.0,1.0,17.0,11.0,5.0,0.0,48.01,101.87,157.79,62.0,29.071,17.728,23.4,3367.125,92.0,27.0,0.0,33.0,6.0,7.0,4.0,341.73,22.02,69.0,1.0,9.0,-0.63,0.0,3886.92,21.24,236.1,0.0,1.0,1113.18,41.01,255.3,9.0,0.0,1471.21,101.87,86.76,18.0,0.0,1302.53,23.75,35.5,-97.5,1.7373,1.424297619047619,0.313002380952381
United States,Oklahoma,Canola,2022,spring,183.0,536.9,2.934,133.0,146.0,22.0,5.0,4.0,17.0,6.0,5.0,1.0,76.26,95.97,101.07,50.0,32.138,19.037,25.587,3767.475,125.0,68.0,18.0,49.0,29.0,9.0,5.0,723.49,231.16,102.0,0.0,6.0,1.57,0.0,4181.16,22.848,254.75,2.0,0.0,1299.15,89.86,193.2,39.0,0.0,1571.06,95.97,88.95,27.0,0.0,1310.95,35.92,35.5,-97.5,0.7846,1.313844476190476,-0.529244476190476
United States,Oklahoma,Canola,2023,spring,183.0,590.46,3.227,117.0,128.0,21.0,5.0,2.0,19.0,6.0,5.0,0.0,46.7,98.88,153.31,66.0,30.88,18.366,24.623,3591.02,109.0,50.0,15.0,27.0,14.0,8.0,7.0,562.66,165.78,77.0,0.0,6.0,2.32,0.0,4075.82,22.272,206.61,0.0,0.0,1248.37,57.86,284.05,15.0,0.0,1510.44,98.88,99.8,35.0,0.0,1317.01,27.53,35.5,-97.5,0.8967,1.5227109999999997,-0.6260109999999997
United States,Oklahoma,Canola,2024,spring,183.0,515.13,2.815,127.0,141.0,19.0,6.0,2.0,13.0,6.0,4.0,1.0,89.05,92.33,94.96,56.0,31.587,19.074,25.331,3720.51,114.0,52.0,5.0,26.0,12.0,9.0,7.0,575.56,143.49,90.0,0.0,1.0,3.78,0.0,4077.07,22.279,217.35,0.0,0.0,1289.57,43.15,152.92,25.0,0.0,1486.07,49.19,144.86,27.0,0.0,1301.43,92.33,35.5,-97.5,2.0175,1.4446842380952363,0.5728157619047638
United States,Oklahoma,Canola,2025,spring,183.0,811.96,4.437,105.0,120.0,15.0,5.0,1.0,28.0,12.0,10.0,1.0,54.18,91.42,149.63,78.0,28.935,18.126,23.531,3391.085,88.0,12.0,0.0,21.0,4.0,6.0,3.0,234.08,12.84,64.0,0.0,4.0,0.6,0.0,3855.0,21.066,408.54,0.0,0.0,1225.5,91.42,273.14,2.0,0.0,1449.49,57.39,130.28,10.0,0.0,1180.01,56.0,35.5,-97.5,1.1769,1.4224344761904766,-0.24553447619047652
United States,South Dakota,Wheat,2019,spring,183.0,642.09,3.509,103.0,122.0,7.0,3.0,0.0,22.0,7.0,4.0,0.0,31.27,57.65,84.01,80.0,23.3,11.283,17.292,2293.43,29.0,1.0,0.0,8.0,1.0,3.0,0.0,48.98,1.78,19.0,12.0,38.0,-8.7,3.0,3551.77,19.409,235.43,0.0,12.0,1055.84,44.1,202.63,1.0,0.0,1487.48,46.24,204.03,0.0,0.0,1008.45,57.65,44.5,-100.0,3.2348,2.9887892380952366,0.24601076190476334
United States,South Dakota,Wheat,2020,spring,183.0,320.46,1.751,128.0,144.0,19.0,7.0,2.0,8.0,1.0,1.0,0.0,28.53,39.69,45.99,55.0,25.362,11.936,18.649,2555.82,66.0,12.0,0.0,13.0,5.0,9.0,1.0,214.91,19.89,41.0,20.0,34.0,-8.45,3.0,3879.29,21.198,97.79,0.0,20.0,1218.56,29.86,164.04,5.0,0.0,1516.58,39.69,58.63,7.0,0.0,1144.15,13.52,44.5,-100.0,3.4836,2.8901480000000013,0.5934519999999988
United States,South Dakota,Wheat,2021,spring,183.0,338.11,1.848,134.0,149.0,17.0,6.0,1.0,14.0,1.0,0.0,0.0,23.4,43.28,62.03,49.0,27.08,12.953,20.016,2772.275,77.0,28.0,3.0,13.0,8.0,10.0,4.0,339.78,68.7,61.0,13.0,34.0,-4.77,3.0,3802.52,20.779,81.4,0.0,13.0,1198.32,28.33,109.16,19.0,0.0,1488.04,31.87,147.55,9.0,0.0,1116.16,43.28,44.5,-100.0,2.2865,2.6785858095238093,-0.3920858095238091
United States,South Dakota,Wheat,2022,spring,183.0,410.39,2.243,129.0,136.0,12.0,7.0,0.0,11.0,3.0,3.0,0.0,36.03,52.89,66.6,54.0,25.868,12.036,18.952,2585.25,69.0,24.0,4.0,8.0,3.0,13.0,2.0,275.59,57.49,56.0,21.0,37.0,-6.31,4.0,3915.8,21.398,174.46,0.0,21.0,1201.47,52.89,163.78,12.0,0.0,1526.4,38.2,72.15,12.0,0.0,1187.93,30.06,44.5,-100.0,3.3626,2.983856047619049,0.37874395238095104
United States,South Dakota,Wheat,2023,spring,183.0,421.73,2.305,122.0,140.0,22.0,6.0,1.0,9.0,5.0,3.0,0.0,34.54,56.97,68.87,61.0,26.542,12.946,19.744,2731.18,69.0,18.0,4.0,15.0,6.0,8.0,3.0,246.95,62.24,51.0,15.0,28.0,-8.31,3.0,3831.86,20.939,93.22,0.0,15.0,1320.24,19.86,157.33,10.0,0.0,1447.78,49.0,171.18,8.0,0.0,1063.84,56.97,44.5,-100.0,3.0263,2.8378875238095222,0.18841247619047774
United States,South Dakota,Wheat,2024,spring,183.0,407.92,2.229,118.0,135.0,8.0,6.0,0.0,12.0,5.0,1.0,0.0,34.4,50.63,61.78,65.0,26.273,12.769,19.521,2673.075,66.0,14.0,1.0,15.0,3.0,8.0,2.0,211.22,28.02,49.0,9.0,25.0,-4.66,2.0,3734.29,20.406,151.05,0.0,9.0,1218.5,38.06,159.92,5.0,0.0,1383.59,50.63,96.95,9.0,0.0,1132.2,39.99,44.5,-100.0,3.8064,2.9494903333333307,0.8569096666666693
United States,South Dakota,Wheat,2025,spring,183.0,492.64,2.692,110.0,128.0,16.0,5.0,1.0,14.0,4.0,2.0,0.0,39.53,66.66,93.22,73.0,26.202,12.774,19.488,2668.59,61.0,20.0,0.0,9.0,3.0,11.0,1.0,247.94,48.21,37.0,9.0,30.0,-5.18,1.0,3664.87,20.027,177.82,2.0,9.0,1197.64,58.28,147.61,11.0,0.0,1369.28,23.65,167.21,7.0,0.0,1097.95,66.66,44.5,-100.0,3.3962,3.0168511428571425,0.3793488571428574
United States,South Dakota,Barley,2019,spring,183.0,642.09,3.509,103.0,122.0,7.0,3.0,0.0,22.0,7.0,4.0,0.0,31.27,57.65,84.01,80.0,23.3,11.283,17.292,2293.43,29.0,1.0,0.0,8.0,1.0,3.0,0.0,48.98,1.78,19.0,12.0,38.0,-8.7,3.0,3551.77,19.409,235.43,0.0,12.0,1055.84,44.1,202.63,1.0,0.0,1487.48,46.24,204.03,0.0,0.0,1008.45,57.65,44.5,-100.0,2.3134,2.889539190476191,-0.5761391904761908
United States,South Dakota,Barley,2020,spring,183.0,320.46,1.751,128.0,144.0,19.0,7.0,2.0,8.0,1.0,1.0,0.0,28.53,39.69,45.99,55.0,25.362,11.936,18.649,2555.82,66.0,12.0,0.0,13.0,5.0,9.0,1.0,214.91,19.89,41.0,20.0,34.0,-8.45,3.0,3879.29,21.198,97.79,0.0,20.0,1218.56,29.86,164.04,5.0,0.0,1516.58,39.69,58.63,7.0,0.0,1144.15,13.52,44.5,-100.0,2.3672,2.7001940000000006,-0.3329940000000007
United States,South Dakota,Barley,2021,spring,183.0,338.11,1.848,134.0,149.0,17.0,6.0,1.0,14.0,1.0,0.0,0.0,23.4,43.28,62.03,49.0,27.08,12.953,20.016,2772.275,77.0,28.0,3.0,13.0,8.0,10.0,4.0,339.78,68.7,61.0,13.0,34.0,-4.77,3.0,3802.52,20.779,81.4,0.0,13.0,1198.32,28.33,109.16,19.0,0.0,1488.04,31.87,147.55,9.0,0.0,1116.16,43.28,44.5,-100.0,1.076,2.2748797619047623,-1.1988797619047622
United States,South Dakota,Barley,2022,spring,183.0,410.39,2.243,129.0,136.0,12.0,7.0,0.0,11.0,3.0,3.0,0.0,36.03,52.89,66.6,54.0,25.868,12.036,18.952,2585.25,69.0,24.0,4.0,8.0,3.0,13.0,2.0,275.59,57.49,56.0,21.0,37.0,-6.31,4.0,3915.8,21.398,174.46,0.0,21.0,1201.47,52.89,163.78,12.0,0.0,1526.4,38.2,72.15,12.0,0.0,1187.93,30.06,44.5,-100.0,2.9052,2.423756761904761,0.4814432380952387
United States,South Dakota,Barley,2023,spring,183.0,421.73,2.305,122.0,140.0,22.0,6.0,1.0,9.0,5.0,3.0,0.0,34.54,56.97,68.87,61.0,26.542,12.946,19.744,2731.18,69.0,18.0,4.0,15.0,6.0,8.0,3.0,246.95,62.24,51.0,15.0,28.0,-8.31,3.0,3831.86,20.939,93.22,0.0,15.0,1320.24,19.86,157.33,10.0,0.0,1447.78,49.0,171.18,8.0,0.0,1063.84,56.97,44.5,-100.0,2.7976,2.496736761904761,0.3008632380952392
United States,South Dakota,Barley,2024,spring,183.0,407.92,2.229,118.0,135.0,8.0,6.0,0.0,12.0,5.0,1.0,0.0,34.4,50.63,61.78,65.0,26.273,12.769,19.521,2673.075,66.0,14.0,1.0,15.0,3.0,8.0,2.0,211.22,28.02,49.0,9.0,25.0,-4.66,2.0,3734.29,20.406,151.05,0.0,9.0,1218.5,38.06,159.92,5.0,0.0,1383.59,50.63,96.95,9.0,0.0,1132.2,39.99,44.5,-100.0,3.0666,2.49448576190476,0.5721142380952404
United States,South Dakota,Barley,2025,spring,183.0,492.64,2.692,110.0,128.0,16.0,5.0,1.0,14.0,4.0,2.0,0.0,39.53,66.66,93.22,73.0,26.202,12.774,19.488,2668.59,61.0,20.0,0.0,9.0,3.0,11.0,1.0,247.94,48.21,37.0,9.0,30.0,-5.18,1.0,3664.87,20.027,177.82,2.0,9.0,1197.64,58.28,147.61,11.0,0.0,1369.28,23.65,167.21,7.0,0.0,1097.95,66.66,44.5,-100.0,2.69,2.506351047619046,0.1836489523809539
United States,South Dakota,Oats,2019,spring,183.0,642.09,3.509,103.0,122.0,7.0,3.0,0.0,22.0,7.0,4.0,0.0,31.27,57.65,84.01,80.0,23.3,11.283,17.292,2293.43,29.0,1.0,0.0,8.0,1.0,3.0,0.0,48.98,1.78,19.0,12.0,38.0,-8.7,3.0,3551.77,19.409,235.43,0.0,12.0,1055.84,44.1,202.63,1.0,0.0,1487.48,46.24,204.03,0.0,0.0,1008.45,57.65,44.5,-100.0,2.9411,2.727457999999999,0.213642000000001
United States,South Dakota,Oats,2020,spring,183.0,320.46,1.751,128.0,144.0,19.0,7.0,2.0,8.0,1.0,1.0,0.0,28.53,39.69,45.99,55.0,25.362,11.936,18.649,2555.82,66.0,12.0,0.0,13.0,5.0,9.0,1.0,214.91,19.89,41.0,20.0,34.0,-8.45,3.0,3879.29,21.198,97.79,0.0,20.0,1218.56,29.86,164.04,5.0,0.0,1516.58,39.69,58.63,7.0,0.0,1144.15,13.52,44.5,-100.0,2.7618,2.6320045238095258,0.12979547619047427
United States,South Dakota,Oats,2021,spring,183.0,338.11,1.848,134.0,149.0,17.0,6.0,1.0,14.0,1.0,0.0,0.0,23.4,43.28,62.03,49.0,27.08,12.953,20.016,2772.275,77.0,28.0,3.0,13.0,8.0,10.0,4.0,339.78,68.7,61.0,13.0,34.0,-4.77,3.0,3802.52,20.779,81.4,0.0,13.0,1198.32,28.33,109.16,19.0,0.0,1488.04,31.87,147.55,9.0,0.0,1116.16,43.28,44.5,-100.0,2.4031,2.3951639047619073,0.007936095238092467
United States,South Dakota,Oats,2022,spring,183.0,410.39,2.243,129.0,136.0,12.0,7.0,0.0,11.0,3.0,3.0,0.0,36.03,52.89,66.6,54.0,25.868,12.036,18.952,2585.25,69.0,24.0,4.0,8.0,3.0,13.0,2.0,275.59,57.49,56.0,21.0,37.0,-6.31,4.0,3915.8,21.398,174.46,0.0,21.0,1201.47,52.89,163.78,12.0,0.0,1526.4,38.2,72.15,12.0,0.0,1187.93,30.06,44.5,-100.0,2.8694,2.622866619047621,0.2465333809523793
United States,South Dakota,Oats,2023,spring,183.0,421.73,2.305,122.0,140.0,22.0,6.0,1.0,9.0,5.0,3.0,0.0,34.54,56.97,68.87,61.0,26.542,12.946,19.744,2731.18,69.0,18.0,4.0,15.0,6.0,8.0,3.0,246.95,62.24,51.0,15.0,28.0,-8.31,3.0,3831.86,20.939,93.22,0.0,15.0,1320.24,19.86,157.33,10.0,0.0,1447.78,49.0,171.18,8.0,0.0,1063.84,56.97,44.5,-100.0,2.6542,2.6229910952380977,0.03120890476190219
United States,South Dakota,Oats,2024,spring,183.0,407.92,2.229,118.0,135.0,8.0,6.0,0.0,12.0,5.0,1.0,0.0,34.4,50.63,61.78,65.0,26.273,12.769,19.521,2673.075,66.0,14.0,1.0,15.0,3.0,8.0,2.0,211.22,28.02,49.0,9.0,25.0,-4.66,2.0,3734.29,20.406,151.05,0.0,9.0,1218.5,38.06,159.92,5.0,0.0,1383.59,50.63,96.95,9.0,0.0,1132.2,39.99,44.5,-100.0,3.1563,2.8194034285714302,0.33689657142856966
United States,South Dakota,Oats,2025,spring,183.0,492.64,2.692,110.0,128.0,16.0,5.0,1.0,14.0,4.0,2.0,0.0,39.53,66.66,93.22,73.0,26.202,12.774,19.488,2668.59,61.0,20.0,0.0,9.0,3.0,11.0,1.0,247.94,48.21,37.0,9.0,30.0,-5.18,1.0,3664.87,20.027,177.82,2.0,9.0,1197.64,58.28,147.61,11.0,0.0,1369.28,23.65,167.21,7.0,0.0,1097.95,66.66,44.5,-100.0,3.0846,2.8213425238095264,0.26325747619047357
United States,Texas,Wheat,2019,winter,303.0,1008.05,3.327,206.0,226.0,23.0,9.0,4.0,32.0,12.0,9.0,1.0,104.02,170.88,206.23,97.0,22.165,10.787,16.476,3521.05,54.0,5.0,0.0,13.0,2.0,7.0,0.0,111.34,5.58,30.0,28.0,91.0,-5.39,9.0,4673.05,15.423,546.64,2.0,7.0,1321.24,170.88,119.77,0.0,21.0,1211.09,32.24,341.64,3.0,0.0,2140.72,58.46,31.0,-99.0,2.2865,2.2018128571428566,0.08468714285714363
United States,Texas,Wheat,2020,winter,304.0,586.87,1.93,229.0,247.0,24.0,13.0,4.0,20.0,5.0,4.0,0.0,30.04,62.24,78.29,75.0,25.063,11.599,18.331,4065.265,91.0,43.0,0.0,36.0,29.0,5.0,2.0,400.22,58.28,72.0,15.0,76.0,-4.58,4.0,5059.33,16.643,99.84,34.0,5.0,1535.71,16.99,217.62,0.0,10.0,1189.24,47.22,269.41,9.0,0.0,2334.38,38.85,31.0,-99.0,2.0175,2.0638374285714276,-0.04633742857142753
United States,Texas,Wheat,2021,winter,303.0,646.42,2.133,223.0,238.0,30.0,8.0,4.0,23.0,7.0,2.0,0.0,44.86,69.35,96.47,80.0,23.71,10.42,17.065,3753.35,66.0,12.0,0.0,22.0,4.0,6.0,1.0,183.52,12.99,52.0,29.0,79.0,-13.56,5.0,4853.14,16.017,186.62,4.0,3.0,1528.55,59.08,119.62,0.0,26.0,1305.66,47.0,340.18,8.0,0.0,2018.93,69.35,31.0,-99.0,2.4883,2.1072333333333315,0.38106666666666866
United States,Texas,Wheat,2022,winter,303.0,334.78,1.105,258.0,268.0,23.0,15.0,8.0,9.0,4.0,1.0,0.0,30.69,49.59,65.68,45.0,26.791,12.055,19.423,4420.38,118.0,59.0,9.0,33.0,22.0,11.0,6.0,621.96,184.35,99.0,32.0,75.0,-7.5,8.0,5506.89,18.175,162.72,11.0,0.0,1661.78,49.59,37.73,0.0,32.0,1402.62,13.45,134.33,48.0,0.0,2442.49,41.72,31.0,-99.0,2.0175,1.8292640476190467,0.18823595238095336
United States,Texas,Wheat,2023,winter,303.0,497.78,1.643,225.0,240.0,35.0,10.0,3.0,17.0,2.0,1.0,0.0,27.1,58.62,66.52,78.0,25.412,11.834,18.623,4180.035,102.0,33.0,12.0,43.0,22.0,7.0,2.0,446.9,132.67,76.0,22.0,66.0,-10.71,5.0,5028.06,16.594,194.24,9.0,1.0,1555.11,58.62,80.06,0.0,21.0,1278.86,17.07,223.48,24.0,0.0,2194.09,30.57,31.0,-99.0,2.4883,1.9781586190476201,0.51014138095238
United States,Texas,Wheat,2024,winter,304.0,788.33,2.593,216.0,231.0,24.0,12.0,3.0,26.0,9.0,4.0,1.0,54.89,88.35,114.44,88.0,25.557,12.716,19.137,4347.44,104.0,37.0,6.0,19.0,10.0,8.0,5.0,425.79,92.29,73.0,14.0,63.0,-9.06,2.0,4999.24,16.445,226.23,18.0,1.0,1548.8,88.35,173.44,0.0,13.0,1313.32,33.23,388.66,19.0,0.0,2137.12,59.11,31.0,-99.0,2.0848,2.1431639047619027,-0.058363904761902674
United States,Texas,Wheat,2025,winter,303.0,512.78,1.692,241.0,250.0,36.0,13.0,7.0,15.0,5.0,1.0,0.0,31.36,59.43,74.4,62.0,26.573,12.535,19.554,4480.61,128.0,39.0,1.0,37.0,9.0,10.0,4.0,469.98,63.39,103.0,28.0,60.0,-8.83,4.0,5238.1,17.287,98.11,17.0,0.0,1601.64,39.3,90.43,0.0,28.0,1367.09,34.14,324.24,22.0,0.0,2269.37,59.43,31.0,-99.0,2.4883,1.9484104285714274,0.5398895714285727
United States,Texas,Oats,2019,spring,183.0,403.17,2.203,128.0,143.0,23.0,7.0,2.0,12.0,4.0,4.0,0.0,32.12,58.46,92.25,55.0,32.536,20.193,26.364,3909.69,129.0,77.0,8.0,105.0,33.0,4.0,3.0,688.51,181.88,97.0,0.0,3.0,2.46,0.0,4139.09,22.618,236.01,0.0,0.0,1231.58,58.46,124.26,19.0,0.0,1548.95,24.26,42.9,58.0,0.0,1358.56,17.83,31.0,-99.0,1.7934,1.7133181904761918,0.08008180952380828
United States,Texas,Oats,2020,spring,183.0,436.19,2.384,132.0,139.0,17.0,7.0,4.0,16.0,3.0,2.0,0.0,44.86,59.08,96.47,51.0,32.329,19.168,25.748,3796.965,124.0,64.0,11.0,72.0,22.0,6.0,6.0,661.8,190.99,96.0,0.0,3.0,2.6,0.0,4190.08,22.897,191.82,3.0,0.0,1377.46,38.85,70.13,31.0,0.0,1554.59,25.1,174.24,30.0,0.0,1258.03,59.08,31.0,-99.0,1.614,1.6338166666666654,-0.01981666666666526
United States,Texas,Oats,2021,spring,183.0,512.02,2.798,119.0,132.0,21.0,5.0,2.0,17.0,4.0,1.0,0.0,42.28,69.35,86.93,64.0,31.379,19.373,25.376,3728.73,124.0,45.0,0.0,42.0,9.0,5.0,6.0,509.23,73.92,90.0,0.0,2.0,3.92,0.0,3857.25,21.078,240.54,1.0,0.0,1096.53,69.35,163.76,16.0,0.0,1437.29,33.63,107.72,28.0,0.0,1323.43,49.59,31.0,-99.0,1.614,1.577046095238097,0.03695390476190319
United States,Texas,Oats,2022,spring,183.0,272.52,1.489,142.0,153.0,22.0,9.0,3.0,8.0,3.0,1.0,0.0,30.69,44.33,67.71,41.0,35.55,21.216,28.383,4279.115,161.0,109.0,26.0,54.0,43.0,9.0,8.0,1081.29,384.21,131.0,0.0,0.0,5.95,0.0,4377.14,23.919,81.08,23.0,0.0,1397.92,41.72,61.04,56.0,0.0,1658.86,24.74,130.4,30.0,0.0,1320.36,44.33,31.0,-99.0,1.9727,1.3802782380952363,0.5924217619047636
United States,Texas,Oats,2023,spring,183.0,297.84,1.628,130.0,141.0,42.0,6.0,1.0,10.0,1.0,0.0,0.0,22.82,38.34,57.53,53.0,35.357,21.2,28.278,4259.91,142.0,100.0,61.0,102.0,69.0,6.0,3.0,1145.55,537.54,111.0,0.0,0.0,6.32,0.0,4189.8,22.895,182.99,2.0,0.0,1254.2,30.57,41.89,52.0,0.0,1546.4,9.71,72.96,46.0,0.0,1389.2,38.34,31.0,-99.0,1.9368,1.4943530952380946,0.4424469047619055
United States,Texas,Oats,2024,spring,183.0,555.4,3.035,118.0,134.0,18.0,4.0,2.0,17.0,6.0,4.0,1.0,66.13,80.48,92.93,65.0,33.518,20.816,27.167,4056.575,148.0,76.0,10.0,40.0,29.0,8.0,7.0,738.62,205.62,104.0,0.0,0.0,7.23,0.0,4044.34,22.1,312.31,4.0,0.0,1171.9,59.11,171.93,35.0,0.0,1526.75,80.48,71.16,37.0,0.0,1345.69,39.3,31.0,-99.0,1.6499,1.6165652857142867,0.03333471428571322
United States,Texas,Oats,2025,spring,183.0,637.67,3.485,122.0,128.0,16.0,6.0,3.0,19.0,9.0,4.0,1.0,85.21,125.82,177.52,61.0,32.675,19.95,26.312,3900.17,142.0,56.0,1.0,48.0,11.0,10.0,7.0,598.1,78.92,105.0,0.0,2.0,2.19,0.0,4052.9,22.147,202.56,9.0,0.0,1291.89,41.19,344.81,17.0,0.0,1460.04,125.82,90.3,30.0,0.0,1300.97,25.37,31.0,-99.0,1.901,1.5457213809523813,0.3552786190476187
United States,Washington,Wheat,2019,winter,303.0,626.82,2.069,187.0,215.0,16.0,11.0,2.0,11.0,1.0,1.0,0.0,28.1,43.11,68.73,116.0,8.641,-1.146,3.748,797.535,0.0,0.0,0.0,0.0,0.0,0.0,0.0,0.0,0.0,0.0,171.0,247.0,-18.5,9.0,3673.8,12.125,204.18,0.0,42.0,976.92,35.87,297.7,0.0,99.0,712.46,43.11,124.94,0.0,30.0,1984.42,19.77,47.4,-120.7,4.3511,4.064703571428569,0.28639642857143066
United States,Washington,Wheat,2020,winter,304.0,780.64,2.568,153.0,194.0,18.0,4.0,2.0,17.0,4.0,1.0,0.0,26.27,54.49,72.05,151.0,8.516,-0.822,3.847,654.255,0.0,0.0,0.0,0.0,0.0,0.0,0.0,0.0,0.0,0.0,179.0,253.0,-14.48,13.0,3502.49,11.521,159.94,0.0,52.0,885.01,37.94,426.03,0.0,97.0,661.58,54.49,194.67,0.0,30.0,1955.9,18.78,47.4,-120.7,4.869,4.453563095238091,0.41543690476190864
United States,Washington,Wheat,2021,winter,303.0,753.19,2.486,180.0,208.0,17.0,9.0,2.0,18.0,3.0,2.0,0.0,35.17,57.08,72.4,123.0,9.53,-0.146,4.692,979.615,8.0,4.0,0.0,6.0,4.0,1.0,1.0,35.63,7.43,8.0,177.0,234.0,-16.0,4.0,3739.78,12.343,297.78,0.0,46.0,899.81,51.36,373.69,0.0,101.0,638.85,57.08,81.72,4.0,30.0,2201.12,12.38,47.4,-120.7,2.6295,4.0827506666666675,-1.4532506666666674
United States,Washington,Wheat,2022,winter,303.0,861.61,2.844,147.0,191.0,11.0,4.0,0.0,20.0,3.0,3.0,0.0,35.83,62.1,89.01,156.0,7.89,-1.324,3.283,617.64,1.0,0.0,0.0,1.0,0.0,0.0,0.0,1.63,0.0,1.0,182.0,253.0,-21.09,13.0,3245.95,10.713,315.94,0.0,43.0,868.64,55.68,326.15,0.0,98.0,652.04,62.1,219.52,0.0,41.0,1725.27,22.8,47.4,-120.7,4.2637,4.5297195714285685,-0.26601957142856847
United States,Washington,Wheat,2023,winter,303.0,605.9,2.0,188.0,220.0,33.0,7.0,3.0,14.0,2.0,1.0,0.0,46.62,69.29,85.73,115.0,8.879,-0.797,4.041,1103.77,2.0,0.0,0.0,2.0,0.0,0.0,0.0,0.58,0.0,2.0,172.0,209.0,-26.48,9.0,3554.42,11.731,202.6,0.0,45.0,978.03,69.29,268.68,0.0,96.0,600.77,42.16,134.62,0.0,31.0,1975.62,19.79,47.4,-120.7,3.3962,3.619365904761901,-0.22316590476190123
United States,Washington,Wheat,2024,winter,304.0,682.47,2.245,172.0,208.0,19.0,9.0,1.0,20.0,0.0,0.0,0.0,17.34,47.77,86.34,132.0,8.735,-0.672,4.032,748.365,0.0,0.0,0.0,0.0,0.0,0.0,0.0,0.0,0.0,0.0,172.0,248.0,-28.06,10.0,3513.82,11.559,274.08,0.0,43.0,921.06,47.77,257.15,0.0,92.0,619.87,30.71,151.24,0.0,37.0,1972.89,27.19,47.4,-120.7,4.3108,4.278069714285708,0.03273028571429215
United States,Washington,Wheat,2025,winter,303.0,657.49,2.17,181.0,212.0,21.0,10.0,2.0,21.0,1.0,0.0,0.0,21.2,41.5,62.76,122.0,7.99,-1.851,3.07,695.095,7.0,0.0,0.0,3.0,0.0,1.0,0.0,11.31,0.0,7.0,199.0,265.0,-19.01,11.0,3673.56,12.124,218.68,0.0,57.0,910.04,30.34,322.54,0.0,101.0,627.2,41.5,116.27,0.0,41.0,2136.32,22.22,47.4,-120.7,4.2099,4.084033333333331,0.1258666666666688
United States,Washington,Barley,2019,spring,183.0,192.46,1.052,134.0,149.0,27.0,7.0,3.0,0.0,0.0,0.0,0.0,9.49,19.77,39.39,49.0,19.161,6.67,12.916,1487.05,4.0,0.0,0.0,3.0,0.0,1.0,0.0,5.61,0.0,4.0,26.0,60.0,-5.04,6.0,3582.32,19.576,95.72,0.0,23.0,1116.63,19.77,33.4,0.0,0.0,1433.7,11.05,63.34,0.0,3.0,1031.99,14.19,47.4,-120.7,3.7661,3.720144714285717,0.045955285714282645
United States,Washington,Barley,2020,spring,183.0,230.03,1.257,132.0,148.0,27.0,5.0,4.0,4.0,0.0,0.0,0.0,18.11,37.05,42.9,51.0,19.265,6.199,12.732,1457.785,9.0,0.0,0.0,3.0,0.0,2.0,0.0,18.39,0.0,9.0,19.0,68.0,-6.02,4.0,3729.96,20.382,114.29,0.0,19.0,1175.07,18.36,59.89,0.0,0.0,1428.61,18.78,55.85,0.0,0.0,1126.28,37.05,47.4,-120.7,4.8421,3.5621425714285735,1.2799574285714268
United States,Washington,Barley,2021,spring,183.0,132.69,0.725,148.0,161.0,23.0,8.0,3.0,1.0,0.0,0.0,0.0,10.78,16.86,18.37,35.0,20.503,7.063,13.783,1656.31,23.0,5.0,0.0,6.0,4.0,3.0,1.0,59.62,8.42,22.0,20.0,67.0,-7.46,2.0,3919.87,21.42,40.23,0.0,20.0,1276.81,6.95,30.21,5.0,0.0,1618.65,12.38,62.25,0.0,0.0,1024.41,16.86,47.4,-120.7,2.0444,3.034745380952381,-0.9903453809523812
United States,Washington,Barley,2022,spring,183.0,242.49,1.325,128.0,149.0,43.0,4.0,2.0,3.0,0.0,0.0,0.0,13.15,22.8,36.6,55.0,18.977,6.357,12.667,1531.88,20.0,2.0,0.0,8.0,2.0,3.0,0.0,48.72,1.02,20.0,36.0,67.0,-9.88,4.0,3536.58,19.326,145.27,0.0,36.0,963.09,20.06,82.12,2.0,0.0,1430.88,22.8,15.1,0.0,0.0,1142.61,4.33,47.4,-120.7,4.5193,3.238045857142859,1.2812541428571413
United States,Washington,Barley,2023,spring,183.0,184.81,1.01,137.0,157.0,21.0,8.0,3.0,3.0,0.0,0.0,0.0,13.41,22.71,31.71,46.0,20.108,7.413,13.76,1690.09,10.0,1.0,0.0,5.0,1.0,1.0,0.0,20.54,0.07,10.0,22.0,52.0,-5.8,4.0,3767.54,20.588,93.53,0.0,21.0,1123.64,19.79,37.45,0.0,0.0,1558.01,17.29,53.83,1.0,1.0,1085.89,22.71,47.4,-120.7,2.8514,3.4118391904761887,-0.5604391904761887
United States,Washington,Barley,2024,spring,183.0,170.16,0.93,140.0,157.0,22.0,8.0,3.0,2.0,0.0,0.0,0.0,14.52,27.19,31.46,43.0,19.58,6.018,12.799,1474.805,22.0,1.0,0.0,6.0,1.0,4.0,0.0,56.16,0.53,22.0,28.0,84.0,-4.37,4.0,3713.13,20.29,69.67,0.0,27.0,1136.95,11.51,57.92,1.0,0.0,1527.84,27.19,42.57,0.0,1.0,1048.34,13.86,47.4,-120.7,3.5509,3.2612877142857157,0.2896122857142842
United States,Washington,Barley,2025,spring,183.0,148.34,0.811,144.0,162.0,21.0,11.0,2.0,1.0,0.0,0.0,0.0,11.79,18.44,22.75,39.0,19.097,5.612,12.355,1386.79,12.0,0.0,0.0,3.0,0.0,1.0,0.0,15.32,0.0,11.0,33.0,83.0,-5.27,8.0,3910.16,21.367,61.91,0.0,33.0,1254.78,18.44,26.64,0.0,0.0,1565.81,10.66,59.79,0.0,0.0,1089.57,15.58,47.4,-120.7,2.6362,3.293404476190475,-0.6572044761904747
United States,Washington,Canola,2019,spring,183.0,192.46,1.052,134.0,149.0,27.0,7.0,3.0,0.0,0.0,0.0,0.0,9.49,19.77,39.39,49.0,19.161,6.67,12.916,1487.05,4.0,0.0,0.0,3.0,0.0,1.0,0.0,5.61,0.0,4.0,26.0,60.0,-5.04,6.0,3582.32,19.576,95.72,0.0,23.0,1116.63,19.77,33.4,0.0,0.0,1433.7,11.05,63.34,0.0,3.0,1031.99,14.19,47.4,-120.7,2.1857,1.905394809523809,0.2803051904761913
United States,Washington,Canola,2020,spring,183.0,230.03,1.257,132.0,148.0,27.0,5.0,4.0,4.0,0.0,0.0,0.0,18.11,37.05,42.9,51.0,19.265,6.199,12.732,1457.785,9.0,0.0,0.0,3.0,0.0,2.0,0.0,18.39,0.0,9.0,19.0,68.0,-6.02,4.0,3729.96,20.382,114.29,0.0,19.0,1175.07,18.36,59.89,0.0,0.0,1428.61,18.78,55.85,0.0,0.0,1126.28,37.05,47.4,-120.7,2.4995,1.9246292380952394,0.5748707619047604
United States,Washington,Canola,2021,spring,183.0,132.69,0.725,148.0,161.0,23.0,8.0,3.0,1.0,0.0,0.0,0.0,10.78,16.86,18.37,35.0,20.503,7.063,13.783,1656.31,23.0,5.0,0.0,6.0,4.0,3.0,1.0,59.62,8.42,22.0,20.0,67.0,-7.46,2.0,3919.87,21.42,40.23,0.0,20.0,1276.81,6.95,30.21,5.0,0.0,1618.65,12.38,62.25,0.0,0.0,1024.41,16.86,47.4,-120.7,1.2329,1.448327523809524,-0.2154275238095238
United States,Washington,Canola,2022,spring,183.0,242.49,1.325,128.0,149.0,43.0,4.0,2.0,3.0,0.0,0.0,0.0,13.15,22.8,36.6,55.0,18.977,6.357,12.667,1531.88,20.0,2.0,0.0,8.0,2.0,3.0,0.0,48.72,1.02,20.0,36.0,67.0,-9.88,4.0,3536.58,19.326,145.27,0.0,36.0,963.09,20.06,82.12,2.0,0.0,1430.88,22.8,15.1,0.0,0.0,1142.61,4.33,47.4,-120.7,1.9054,1.6659110952380982,0.23948890476190177
United States,Washington,Canola,2023,spring,183.0,184.81,1.01,137.0,157.0,21.0,8.0,3.0,3.0,0.0,0.0,0.0,13.41,22.71,31.71,46.0,20.108,7.413,13.76,1690.09,10.0,1.0,0.0,5.0,1.0,1.0,0.0,20.54,0.07,10.0,22.0,52.0,-5.8,4.0,3767.54,20.588,93.53,0.0,21.0,1123.64,19.79,37.45,0.0,0.0,1558.01,17.29,53.83,1.0,1.0,1085.89,22.71,47.4,-120.7,1.8382,1.8053035714285732,0.03289642857142683
United States,Washington,Canola,2024,spring,183.0,170.16,0.93,140.0,157.0,22.0,8.0,3.0,2.0,0.0,0.0,0.0,14.52,27.19,31.46,43.0,19.58,6.018,12.799,1474.805,22.0,1.0,0.0,6.0,1.0,4.0,0.0,56.16,0.53,22.0,28.0,84.0,-4.37,4.0,3713.13,20.29,69.67,0.0,27.0,1136.95,11.51,57.92,1.0,0.0,1527.84,27.19,42.57,0.0,1.0,1048.34,13.86,47.4,-120.7,2.0399,1.5866026666666686,0.4532973333333312
United States,Washington,Canola,2025,spring,183.0,148.34,0.811,144.0,162.0,21.0,11.0,2.0,1.0,0.0,0.0,0.0,11.79,18.44,22.75,39.0,19.097,5.612,12.355,1386.79,12.0,0.0,0.0,3.0,0.0,1.0,0.0,15.32,0.0,11.0,33.0,83.0,-5.27,8.0,3910.16,21.367,61.91,0.0,33.0,1254.78,18.44,26.64,0.0,0.0,1565.81,10.66,59.79,0.0,0.0,1089.57,15.58,47.4,-120.7,1.7149,1.8798255238095254,-0.1649255238095253
